x-axis,1,2
second,Volt,Volt
-15.00000E+00,+12.56E-03,+3.26884E+00
-14.97500E+00,-27.64E-03,+3.26884E+00
-14.95000E+00,+12.56E-03,+3.26884E+00
-14.92500E+00,-7.54E-03,+3.26884E+00
-14.90000E+00,-7.54E-03,+3.26884E+00
-14.87500E+00,-7.54E-03,+3.26884E+00
-14.85000E+00,-7.54E-03,+3.26884E+00
-14.82500E+00,-7.54E-03,+3.26884E+00
-14.80000E+00,-7.54E-03,+3.28894E+00
-14.77500E+00,-7.54E-03,+3.26884E+00
-14.75000E+00,-7.54E-03,+3.28894E+00
-14.72500E+00,-7.54E-03,+3.26884E+00
-14.70000E+00,-7.54E-03,+3.26884E+00
-14.67500E+00,+12.56E-03,+3.26884E+00
-14.65000E+00,-7.54E-03,+3.26884E+00
-14.62500E+00,-27.64E-03,+3.26884E+00
-14.60000E+00,-27.64E-03,+3.26884E+00
-14.57500E+00,-7.54E-03,+3.26884E+00
-14.55000E+00,+12.56E-03,+3.26884E+00
-14.52500E+00,-7.54E-03,+3.28894E+00
-14.50000E+00,-7.54E-03,+3.26884E+00
-14.47500E+00,-7.54E-03,+3.26884E+00
-14.45000E+00,-7.54E-03,+3.28894E+00
-14.42500E+00,-7.54E-03,+3.28894E+00
-14.40000E+00,-7.54E-03,+3.28894E+00
-14.37500E+00,+12.56E-03,+3.24874E+00
-14.35000E+00,-7.54E-03,+3.26884E+00
-14.32500E+00,-27.64E-03,+3.28894E+00
-14.30000E+00,-7.54E-03,+3.28894E+00
-14.27500E+00,+12.56E-03,+3.26884E+00
-14.25000E+00,-7.54E-03,+3.26884E+00
-14.22500E+00,-7.54E-03,+3.26884E+00
-14.20000E+00,+12.56E-03,+3.26884E+00
-14.17500E+00,-27.64E-03,+3.26884E+00
-14.15000E+00,+12.56E-03,+3.26884E+00
-14.12500E+00,+12.56E-03,+3.28894E+00
-14.10000E+00,-7.54E-03,+3.26884E+00
-14.07500E+00,-7.54E-03,+3.26884E+00
-14.05000E+00,-7.54E-03,+3.26884E+00
-14.02500E+00,-7.54E-03,+3.24874E+00
-14.00000E+00,-7.54E-03,+3.24874E+00
-13.97500E+00,+12.56E-03,+3.28894E+00
-13.95000E+00,-7.54E-03,+3.28894E+00
-13.92500E+00,-7.54E-03,+3.26884E+00
-13.90000E+00,-7.54E-03,+3.26884E+00
-13.87500E+00,-7.54E-03,+3.26884E+00
-13.85000E+00,+12.56E-03,+3.24874E+00
-13.82500E+00,-7.54E-03,+3.26884E+00
-13.80000E+00,-27.64E-03,+3.26884E+00
-13.77500E+00,-7.54E-03,+3.26884E+00
-13.75000E+00,-7.54E-03,+3.28894E+00
-13.72500E+00,+12.56E-03,+3.26884E+00
-13.70000E+00,+12.56E-03,+3.28894E+00
-13.67500E+00,-7.54E-03,+3.26884E+00
-13.65000E+00,-7.54E-03,+3.24874E+00
-13.62500E+00,-7.54E-03,+3.26884E+00
-13.60000E+00,+12.56E-03,+3.24874E+00
-13.57500E+00,-7.54E-03,+3.28894E+00
-13.55000E+00,-27.64E-03,+3.28894E+00
-13.52500E+00,-7.54E-03,+3.26884E+00
-13.50000E+00,-7.54E-03,+3.26884E+00
-13.47500E+00,-7.54E-03,+3.26884E+00
-13.45000E+00,-7.54E-03,+3.26884E+00
-13.42500E+00,-7.54E-03,+3.26884E+00
-13.40000E+00,+12.56E-03,+3.26884E+00
-13.37500E+00,-7.54E-03,+3.26884E+00
-13.35000E+00,-7.54E-03,+3.28894E+00
-13.32500E+00,-27.64E-03,+3.26884E+00
-13.30000E+00,-27.64E-03,+3.26884E+00
-13.27500E+00,-7.54E-03,+3.26884E+00
-13.25000E+00,-7.54E-03,+3.24874E+00
-13.22500E+00,-7.54E-03,+3.28894E+00
-13.20000E+00,-27.64E-03,+3.26884E+00
-13.17500E+00,+12.56E-03,+3.26884E+00
-13.15000E+00,-7.54E-03,+3.26884E+00
-13.12500E+00,-7.54E-03,+3.28894E+00
-13.10000E+00,-7.54E-03,+3.26884E+00
-13.07500E+00,-7.54E-03,+3.26884E+00
-13.05000E+00,-7.54E-03,+3.28894E+00
-13.02500E+00,+12.56E-03,+3.28894E+00
-13.00000E+00,-7.54E-03,+3.28894E+00
-12.97500E+00,+12.56E-03,+3.26884E+00
-12.95000E+00,-27.64E-03,+3.26884E+00
-12.92500E+00,-27.64E-03,+3.26884E+00
-12.90000E+00,-7.54E-03,+3.26884E+00
-12.87500E+00,+12.56E-03,+3.28894E+00
-12.85000E+00,-7.54E-03,+3.26884E+00
-12.82500E+00,-7.54E-03,+3.26884E+00
-12.80000E+00,+12.56E-03,+3.28894E+00
-12.77500E+00,-7.54E-03,+3.26884E+00
-12.75000E+00,-7.54E-03,+3.26884E+00
-12.72500E+00,+12.56E-03,+3.26884E+00
-12.70000E+00,-7.54E-03,+3.26884E+00
-12.67500E+00,-7.54E-03,+3.24874E+00
-12.65000E+00,+12.56E-03,+3.26884E+00
-12.62500E+00,+12.56E-03,+3.28894E+00
-12.60000E+00,+12.56E-03,+3.26884E+00
-12.57500E+00,-27.64E-03,+3.28894E+00
-12.55000E+00,-7.54E-03,+3.28894E+00
-12.52500E+00,-7.54E-03,+3.26884E+00
-12.50000E+00,-7.54E-03,+3.26884E+00
-12.47500E+00,-7.54E-03,+3.24874E+00
-12.45000E+00,+12.56E-03,+3.26884E+00
-12.42500E+00,-7.54E-03,+3.26884E+00
-12.40000E+00,-7.54E-03,+3.26884E+00
-12.37500E+00,+12.56E-03,+3.28894E+00
-12.35000E+00,-7.54E-03,+3.24874E+00
-12.32500E+00,-7.54E-03,+3.28894E+00
-12.30000E+00,+12.56E-03,+3.26884E+00
-12.27500E+00,-7.54E-03,+3.28894E+00
-12.25000E+00,-7.54E-03,+3.26884E+00
-12.22500E+00,-7.54E-03,+3.28894E+00
-12.20000E+00,-7.54E-03,+3.26884E+00
-12.17500E+00,-7.54E-03,+3.26884E+00
-12.15000E+00,+12.56E-03,+3.26884E+00
-12.12500E+00,-7.54E-03,+3.26884E+00
-12.10000E+00,-7.54E-03,+3.26884E+00
-12.07500E+00,+12.56E-03,+3.28894E+00
-12.05000E+00,-7.54E-03,+3.28894E+00
-12.02500E+00,-7.54E-03,+3.26884E+00
-12.00000E+00,-7.54E-03,+3.26884E+00
-11.97500E+00,-27.64E-03,+3.26884E+00
-11.95000E+00,-7.54E-03,+3.26884E+00
-11.92500E+00,-7.54E-03,+3.26884E+00
-11.90000E+00,-7.54E-03,+3.26884E+00
-11.87500E+00,-27.64E-03,+3.24874E+00
-11.85000E+00,-7.54E-03,+3.26884E+00
-11.82500E+00,-7.54E-03,+3.26884E+00
-11.80000E+00,+12.56E-03,+3.28894E+00
-11.77500E+00,-7.54E-03,+3.26884E+00
-11.75000E+00,-7.54E-03,+3.26884E+00
-11.72500E+00,-7.54E-03,+3.26884E+00
-11.70000E+00,-7.54E-03,+3.26884E+00
-11.67500E+00,-7.54E-03,+3.28894E+00
-11.65000E+00,-7.54E-03,+3.26884E+00
-11.62500E+00,-7.54E-03,+3.24874E+00
-11.60000E+00,-7.54E-03,+3.26884E+00
-11.57500E+00,-7.54E-03,+3.26884E+00
-11.55000E+00,-7.54E-03,+3.28894E+00
-11.52500E+00,-7.54E-03,+3.26884E+00
-11.50000E+00,-7.54E-03,+3.26884E+00
-11.47500E+00,-7.54E-03,+3.26884E+00
-11.45000E+00,-7.54E-03,+3.28894E+00
-11.42500E+00,-7.54E-03,+3.24874E+00
-11.40000E+00,-7.54E-03,+3.26884E+00
-11.37500E+00,-7.54E-03,+3.26884E+00
-11.35000E+00,-7.54E-03,+3.28894E+00
-11.32500E+00,+12.56E-03,+3.26884E+00
-11.30000E+00,-27.64E-03,+3.26884E+00
-11.27500E+00,-7.54E-03,+3.28894E+00
-11.25000E+00,+12.56E-03,+3.28894E+00
-11.22500E+00,-7.54E-03,+3.26884E+00
-11.20000E+00,+12.56E-03,+3.26884E+00
-11.17500E+00,-7.54E-03,+3.26884E+00
-11.15000E+00,-7.54E-03,+3.26884E+00
-11.12500E+00,+12.56E-03,+3.26884E+00
-11.10000E+00,+12.56E-03,+3.26884E+00
-11.07500E+00,-7.54E-03,+3.26884E+00
-11.05000E+00,-7.54E-03,+3.26884E+00
-11.02500E+00,-7.54E-03,+3.26884E+00
-11.00000E+00,-7.54E-03,+3.24874E+00
-10.97500E+00,+12.56E-03,+3.24874E+00
-10.95000E+00,-7.54E-03,+3.26884E+00
-10.92500E+00,-27.64E-03,+3.26884E+00
-10.90000E+00,-27.64E-03,+3.28894E+00
-10.87500E+00,-7.54E-03,+3.28894E+00
-10.85000E+00,-7.54E-03,+3.26884E+00
-10.82500E+00,-27.64E-03,+3.28894E+00
-10.80000E+00,-27.64E-03,+3.26884E+00
-10.77500E+00,-27.64E-03,+3.26884E+00
-10.75000E+00,-7.54E-03,+3.28894E+00
-10.72500E+00,-7.54E-03,+3.26884E+00
-10.70000E+00,-7.54E-03,+3.26884E+00
-10.67500E+00,-27.64E-03,+3.28894E+00
-10.65000E+00,-7.54E-03,+3.26884E+00
-10.62500E+00,-7.54E-03,+3.26884E+00
-10.60000E+00,+12.56E-03,+3.26884E+00
-10.57500E+00,-7.54E-03,+3.24874E+00
-10.55000E+00,-7.54E-03,+3.26884E+00
-10.52500E+00,-7.54E-03,+3.26884E+00
-10.50000E+00,-7.54E-03,+3.26884E+00
-10.47500E+00,-7.54E-03,+3.28894E+00
-10.45000E+00,-7.54E-03,+3.26884E+00
-10.42500E+00,+12.56E-03,+3.26884E+00
-10.40000E+00,-7.54E-03,+3.26884E+00
-10.37500E+00,-7.54E-03,+3.26884E+00
-10.35000E+00,-7.54E-03,+3.24874E+00
-10.32500E+00,-7.54E-03,+3.24874E+00
-10.30000E+00,-7.54E-03,+3.26884E+00
-10.27500E+00,+12.56E-03,+3.26884E+00
-10.25000E+00,-7.54E-03,+3.26884E+00
-10.22500E+00,-7.54E-03,+3.26884E+00
-10.20000E+00,-7.54E-03,+3.26884E+00
-10.17500E+00,+12.56E-03,+3.26884E+00
-10.15000E+00,-27.64E-03,+3.26884E+00
-10.12500E+00,-7.54E-03,+3.26884E+00
-10.10000E+00,-7.54E-03,+3.26884E+00
-10.07500E+00,-27.64E-03,+3.26884E+00
-10.05000E+00,-7.54E-03,+3.28894E+00
-10.02500E+00,-27.64E-03,+3.26884E+00
-10.00000E+00,-7.54E-03,+3.26884E+00
-9.97500E+00,+12.56E-03,+3.28894E+00
-9.95000E+00,-7.54E-03,+3.24874E+00
-9.92500E+00,-7.54E-03,+3.28894E+00
-9.90000E+00,-7.54E-03,-7.54E-03
-9.87500E+00,+12.56E-03,-27.64E-03
-9.85000E+00,+72.86E-03,-7.54E-03
-9.82500E+00,+92.96E-03,-7.54E-03
-9.80000E+00,+113.07E-03,-7.54E-03
-9.77500E+00,+133.17E-03,-7.54E-03
-9.75000E+00,+173.37E-03,-7.54E-03
-9.72500E+00,+193.47E-03,-7.54E-03
-9.70000E+00,+213.57E-03,-27.64E-03
-9.67500E+00,+233.67E-03,-7.54E-03
-9.65000E+00,+273.87E-03,+12.56E-03
-9.62500E+00,+273.87E-03,-7.54E-03
-9.60000E+00,+293.97E-03,-7.54E-03
-9.57500E+00,+334.17E-03,-7.54E-03
-9.55000E+00,+354.27E-03,-7.54E-03
-9.52500E+00,+354.27E-03,-7.54E-03
-9.50000E+00,+394.47E-03,-7.54E-03
-9.47500E+00,+414.57E-03,+12.56E-03
-9.45000E+00,+434.67E-03,-7.54E-03
-9.42500E+00,+454.77E-03,+12.56E-03
-9.40000E+00,+474.87E-03,-7.54E-03
-9.37500E+00,+494.97E-03,-7.54E-03
-9.35000E+00,+535.18E-03,-7.54E-03
-9.32500E+00,+535.18E-03,-7.54E-03
-9.30000E+00,+535.18E-03,-7.54E-03
-9.27500E+00,+575.38E-03,-7.54E-03
-9.25000E+00,+575.38E-03,-7.54E-03
-9.22500E+00,+595.48E-03,-7.54E-03
-9.20000E+00,+615.58E-03,-7.54E-03
-9.17500E+00,+635.68E-03,-7.54E-03
-9.15000E+00,+635.68E-03,-7.54E-03
-9.12500E+00,+695.98E-03,-7.54E-03
-9.10000E+00,+695.98E-03,-27.64E-03
-9.07500E+00,+695.98E-03,-7.54E-03
-9.05000E+00,+736.18E-03,+12.56E-03
-9.02500E+00,+756.28E-03,-7.54E-03
-9.00000E+00,+756.28E-03,-7.54E-03
-8.97500E+00,+776.38E-03,-7.54E-03
-8.95000E+00,+796.48E-03,-7.54E-03
-8.92500E+00,+816.58E-03,+12.56E-03
-8.90000E+00,+836.68E-03,-7.54E-03
-8.87500E+00,+856.78E-03,+12.56E-03
-8.85000E+00,+856.78E-03,-7.54E-03
-8.82500E+00,+876.88E-03,-7.54E-03
-8.80000E+00,+896.98E-03,-7.54E-03
-8.77500E+00,+896.98E-03,-7.54E-03
-8.75000E+00,+917.09E-03,-7.54E-03
-8.72500E+00,+937.19E-03,-7.54E-03
-8.70000E+00,+957.29E-03,-7.54E-03
-8.67500E+00,+957.29E-03,-7.54E-03
-8.65000E+00,+997.49E-03,-7.54E-03
-8.62500E+00,+997.49E-03,-7.54E-03
-8.60000E+00,+1.01759E+00,+12.56E-03
-8.57500E+00,+1.03769E+00,+32.66E-03
-8.55000E+00,+1.05779E+00,-7.54E-03
-8.52500E+00,+1.07789E+00,-27.64E-03
-8.50000E+00,+1.07789E+00,-7.54E-03
-8.47500E+00,+1.09799E+00,-7.54E-03
-8.45000E+00,+1.09799E+00,-7.54E-03
-8.42500E+00,+1.09799E+00,-27.64E-03
-8.40000E+00,+1.13819E+00,-7.54E-03
-8.37500E+00,+1.13819E+00,-7.54E-03
-8.35000E+00,+1.15829E+00,+12.56E-03
-8.32500E+00,+1.17839E+00,-7.54E-03
-8.30000E+00,+1.17839E+00,-7.54E-03
-8.27500E+00,+1.19849E+00,-27.64E-03
-8.25000E+00,+1.21859E+00,+12.56E-03
-8.22500E+00,+1.21859E+00,-27.64E-03
-8.20000E+00,+1.23869E+00,-7.54E-03
-8.17500E+00,+1.23869E+00,-7.54E-03
-8.15000E+00,+1.25879E+00,-27.64E-03
-8.12500E+00,+1.27889E+00,-7.54E-03
-8.10000E+00,+1.25879E+00,-7.54E-03
-8.07500E+00,+1.27889E+00,-7.54E-03
-8.05000E+00,+1.27889E+00,-27.64E-03
-8.02500E+00,+1.31910E+00,-7.54E-03
-8.00000E+00,+1.31910E+00,-7.54E-03
-7.97500E+00,+1.31910E+00,-7.54E-03
-7.95000E+00,+1.33920E+00,-7.54E-03
-7.92500E+00,+1.37940E+00,-27.64E-03
-7.90000E+00,+1.37940E+00,+12.56E-03
-7.87500E+00,+1.37940E+00,+12.56E-03
-7.85000E+00,+1.39950E+00,+12.56E-03
-7.82500E+00,+1.39950E+00,-7.54E-03
-7.80000E+00,+1.39950E+00,+12.56E-03
-7.77500E+00,+1.41960E+00,-7.54E-03
-7.75000E+00,+1.41960E+00,+12.56E-03
-7.72500E+00,+1.43970E+00,-27.64E-03
-7.70000E+00,+1.43970E+00,-7.54E-03
-7.67500E+00,+1.45980E+00,-7.54E-03
-7.65000E+00,+1.47990E+00,-7.54E-03
-7.62500E+00,+1.47990E+00,-7.54E-03
-7.60000E+00,+1.50000E+00,-7.54E-03
-7.57500E+00,+1.52010E+00,-7.54E-03
-7.55000E+00,+1.52010E+00,-27.64E-03
-7.52500E+00,+1.52010E+00,-27.64E-03
-7.50000E+00,+1.52010E+00,-27.64E-03
-7.47500E+00,+1.54020E+00,-7.54E-03
-7.45000E+00,+1.54020E+00,+12.56E-03
-7.42500E+00,+1.56030E+00,+12.56E-03
-7.40000E+00,+1.56030E+00,-7.54E-03
-7.37500E+00,+1.58040E+00,-27.64E-03
-7.35000E+00,+1.58040E+00,-7.54E-03
-7.32500E+00,+1.58040E+00,-7.54E-03
-7.30000E+00,+1.60050E+00,-7.54E-03
-7.27500E+00,+1.60050E+00,-27.64E-03
-7.25000E+00,+1.60050E+00,-7.54E-03
-7.22500E+00,+1.62060E+00,-7.54E-03
-7.20000E+00,+1.64070E+00,-27.64E-03
-7.17500E+00,+1.62060E+00,-7.54E-03
-7.15000E+00,+1.64070E+00,-27.64E-03
-7.12500E+00,+1.64070E+00,-27.64E-03
-7.10000E+00,+1.66080E+00,-7.54E-03
-7.07500E+00,+1.66080E+00,-7.54E-03
-7.05000E+00,+1.66080E+00,-7.54E-03
-7.02500E+00,+1.68090E+00,-7.54E-03
-7.00000E+00,+1.68090E+00,-27.64E-03
-6.97500E+00,+1.70101E+00,-27.64E-03
-6.95000E+00,+1.68090E+00,-7.54E-03
-6.92500E+00,+1.70101E+00,-7.54E-03
-6.90000E+00,+1.70101E+00,+12.56E-03
-6.87500E+00,+1.72111E+00,-7.54E-03
-6.85000E+00,+1.72111E+00,-7.54E-03
-6.82500E+00,+1.74121E+00,-7.54E-03
-6.80000E+00,+1.74121E+00,-7.54E-03
-6.77500E+00,+1.76131E+00,-7.54E-03
-6.75000E+00,+1.76131E+00,-7.54E-03
-6.72500E+00,+1.78141E+00,-7.54E-03
-6.70000E+00,+1.78141E+00,-7.54E-03
-6.67500E+00,+1.78141E+00,-7.54E-03
-6.65000E+00,+1.78141E+00,-27.64E-03
-6.62500E+00,+1.78141E+00,-7.54E-03
-6.60000E+00,+1.80151E+00,-7.54E-03
-6.57500E+00,+1.80151E+00,-7.54E-03
-6.55000E+00,+1.78141E+00,-7.54E-03
-6.52500E+00,+1.80151E+00,-7.54E-03
-6.50000E+00,+1.82161E+00,-7.54E-03
-6.47500E+00,+1.80151E+00,-7.54E-03
-6.45000E+00,+1.82161E+00,-7.54E-03
-6.42500E+00,+1.84171E+00,-27.64E-03
-6.40000E+00,+1.82161E+00,+12.56E-03
-6.37500E+00,+1.84171E+00,-7.54E-03
-6.35000E+00,+1.84171E+00,-7.54E-03
-6.32500E+00,+1.84171E+00,-7.54E-03
-6.30000E+00,+1.84171E+00,+12.56E-03
-6.27500E+00,+1.86181E+00,-27.64E-03
-6.25000E+00,+1.86181E+00,-7.54E-03
-6.22500E+00,+1.86181E+00,-27.64E-03
-6.20000E+00,+1.88191E+00,-27.64E-03
-6.17500E+00,+1.88191E+00,-7.54E-03
-6.15000E+00,+1.88191E+00,-7.54E-03
-6.12500E+00,+1.88191E+00,-7.54E-03
-6.10000E+00,+1.90201E+00,-27.64E-03
-6.07500E+00,+1.88191E+00,+12.56E-03
-6.05000E+00,+1.88191E+00,-27.64E-03
-6.02500E+00,+1.88191E+00,-7.54E-03
-6.00000E+00,+1.92211E+00,+12.56E-03
-5.97500E+00,+1.90201E+00,-27.64E-03
-5.95000E+00,+1.90201E+00,-7.54E-03
-5.92500E+00,+1.90201E+00,-7.54E-03
-5.90000E+00,+1.92211E+00,-7.54E-03
-5.87500E+00,+1.94221E+00,-7.54E-03
-5.85000E+00,+1.92211E+00,-7.54E-03
-5.82500E+00,+1.94221E+00,-27.64E-03
-5.80000E+00,+1.92211E+00,-7.54E-03
-5.77500E+00,+1.92211E+00,-7.54E-03
-5.75000E+00,+1.94221E+00,-7.54E-03
-5.72500E+00,+1.92211E+00,-7.54E-03
-5.70000E+00,+1.94221E+00,-7.54E-03
-5.67500E+00,+1.96231E+00,-7.54E-03
-5.65000E+00,+1.96231E+00,-7.54E-03
-5.62500E+00,+1.96231E+00,-7.54E-03
-5.60000E+00,+1.98241E+00,-7.54E-03
-5.57500E+00,+1.96231E+00,-7.54E-03
-5.55000E+00,+1.98241E+00,-27.64E-03
-5.52500E+00,+1.98241E+00,-27.64E-03
-5.50000E+00,+1.98241E+00,-7.54E-03
-5.47500E+00,+1.98241E+00,-7.54E-03
-5.45000E+00,+1.98241E+00,-7.54E-03
-5.42500E+00,+1.98241E+00,-7.54E-03
-5.40000E+00,+1.98241E+00,-27.64E-03
-5.37500E+00,+1.98241E+00,-7.54E-03
-5.35000E+00,+1.98241E+00,-7.54E-03
-5.32500E+00,+2.00251E+00,-7.54E-03
-5.30000E+00,+1.98241E+00,-7.54E-03
-5.27500E+00,+2.00251E+00,-7.54E-03
-5.25000E+00,+2.00251E+00,+12.56E-03
-5.22500E+00,+1.98241E+00,-27.64E-03
-5.20000E+00,+2.00251E+00,-7.54E-03
-5.17500E+00,+2.00251E+00,-27.64E-03
-5.15000E+00,+2.02261E+00,-7.54E-03
-5.12500E+00,+2.00251E+00,-27.64E-03
-5.10000E+00,+2.02261E+00,-7.54E-03
-5.07500E+00,+2.02261E+00,-7.54E-03
-5.05000E+00,+2.02261E+00,-7.54E-03
-5.02500E+00,+2.02261E+00,-7.54E-03
-5.00000E+00,+2.00251E+00,+12.56E-03
-4.97500E+00,+2.04271E+00,-7.54E-03
-4.95000E+00,+2.02261E+00,-7.54E-03
-4.92500E+00,+2.04271E+00,-7.54E-03
-4.90000E+00,+2.04271E+00,-7.54E-03
-4.87500E+00,+2.04271E+00,-7.54E-03
-4.85000E+00,+2.04271E+00,-7.54E-03
-4.82500E+00,+2.04271E+00,-7.54E-03
-4.80000E+00,+2.04271E+00,-7.54E-03
-4.77500E+00,+2.02261E+00,-27.64E-03
-4.75000E+00,+2.04271E+00,-27.64E-03
-4.72500E+00,+2.06281E+00,-7.54E-03
-4.70000E+00,+2.04271E+00,-7.54E-03
-4.67500E+00,+2.02261E+00,-7.54E-03
-4.65000E+00,+2.06281E+00,-7.54E-03
-4.62500E+00,+2.06281E+00,-7.54E-03
-4.60000E+00,+2.04271E+00,-7.54E-03
-4.57500E+00,+2.06281E+00,-7.54E-03
-4.55000E+00,+2.04271E+00,+12.56E-03
-4.52500E+00,+2.04271E+00,-7.54E-03
-4.50000E+00,+2.08291E+00,-7.54E-03
-4.47500E+00,+2.06281E+00,-7.54E-03
-4.45000E+00,+2.06281E+00,-7.54E-03
-4.42500E+00,+2.08291E+00,+12.56E-03
-4.40000E+00,+2.06281E+00,-7.54E-03
-4.37500E+00,+2.06281E+00,-7.54E-03
-4.35000E+00,+2.06281E+00,-27.64E-03
-4.32500E+00,+2.08291E+00,-7.54E-03
-4.30000E+00,+2.08291E+00,-7.54E-03
-4.27500E+00,+2.08291E+00,-7.54E-03
-4.25000E+00,+2.04271E+00,-7.54E-03
-4.22500E+00,+2.10302E+00,-27.64E-03
-4.20000E+00,+2.08291E+00,-7.54E-03
-4.17500E+00,+2.08291E+00,-7.54E-03
-4.15000E+00,+2.08291E+00,+12.56E-03
-4.12500E+00,+2.08291E+00,+12.56E-03
-4.10000E+00,+2.08291E+00,-7.54E-03
-4.07500E+00,+2.08291E+00,-7.54E-03
-4.05000E+00,+2.08291E+00,-7.54E-03
-4.02500E+00,+2.08291E+00,-7.54E-03
-4.00000E+00,+2.08291E+00,-7.54E-03
-3.97500E+00,+2.08291E+00,-7.54E-03
-3.95000E+00,+2.08291E+00,-7.54E-03
-3.92500E+00,+2.08291E+00,-7.54E-03
-3.90000E+00,+2.08291E+00,-7.54E-03
-3.87500E+00,+2.08291E+00,+12.56E-03
-3.85000E+00,+2.08291E+00,-27.64E-03
-3.82500E+00,+2.08291E+00,-7.54E-03
-3.80000E+00,+2.08291E+00,-7.54E-03
-3.77500E+00,+2.10302E+00,-7.54E-03
-3.75000E+00,+2.10302E+00,-7.54E-03
-3.72500E+00,+2.08291E+00,-7.54E-03
-3.70000E+00,+2.08291E+00,-7.54E-03
-3.67500E+00,+2.10302E+00,-7.54E-03
-3.65000E+00,+2.10302E+00,-27.64E-03
-3.62500E+00,+2.10302E+00,-7.54E-03
-3.60000E+00,+2.10302E+00,-7.54E-03
-3.57500E+00,+2.10302E+00,-7.54E-03
-3.55000E+00,+2.12312E+00,+12.56E-03
-3.52500E+00,+2.10302E+00,+12.56E-03
-3.50000E+00,+2.10302E+00,-7.54E-03
-3.47500E+00,+2.10302E+00,-7.54E-03
-3.45000E+00,+2.10302E+00,-7.54E-03
-3.42500E+00,+2.10302E+00,-7.54E-03
-3.40000E+00,+2.10302E+00,-7.54E-03
-3.37500E+00,+2.10302E+00,-7.54E-03
-3.35000E+00,+2.08291E+00,-7.54E-03
-3.32500E+00,+2.10302E+00,-7.54E-03
-3.30000E+00,+2.10302E+00,-7.54E-03
-3.27500E+00,+2.10302E+00,-7.54E-03
-3.25000E+00,+2.10302E+00,-27.64E-03
-3.22500E+00,+2.10302E+00,-7.54E-03
-3.20000E+00,+2.12312E+00,-27.64E-03
-3.17500E+00,+2.12312E+00,-7.54E-03
-3.15000E+00,+2.10302E+00,-7.54E-03
-3.12500E+00,+2.10302E+00,-7.54E-03
-3.10000E+00,+2.12312E+00,+12.56E-03
-3.07500E+00,+2.10302E+00,+12.56E-03
-3.05000E+00,+2.10302E+00,-7.54E-03
-3.02500E+00,+2.10302E+00,-27.64E-03
-3.00000E+00,+2.10302E+00,-7.54E-03
-2.97500E+00,+2.10302E+00,-7.54E-03
-2.95000E+00,+2.12312E+00,-27.64E-03
-2.92500E+00,+2.10302E+00,-7.54E-03
-2.90000E+00,+2.12312E+00,-7.54E-03
-2.87500E+00,+2.12312E+00,-7.54E-03
-2.85000E+00,+2.10302E+00,-7.54E-03
-2.82500E+00,+2.12312E+00,-7.54E-03
-2.80000E+00,+2.12312E+00,-7.54E-03
-2.77500E+00,+2.12312E+00,-7.54E-03
-2.75000E+00,+2.10302E+00,-7.54E-03
-2.72500E+00,+2.10302E+00,-7.54E-03
-2.70000E+00,+2.12312E+00,-7.54E-03
-2.67500E+00,+2.12312E+00,-7.54E-03
-2.65000E+00,+2.12312E+00,-7.54E-03
-2.62500E+00,+2.10302E+00,-27.64E-03
-2.60000E+00,+2.12312E+00,-7.54E-03
-2.57500E+00,+2.12312E+00,-7.54E-03
-2.55000E+00,+2.14322E+00,-7.54E-03
-2.52500E+00,+2.12312E+00,-7.54E-03
-2.50000E+00,+2.12312E+00,-27.64E-03
-2.47500E+00,+2.12312E+00,-7.54E-03
-2.45000E+00,+2.12312E+00,-7.54E-03
-2.42500E+00,+2.12312E+00,-7.54E-03
-2.40000E+00,+2.14322E+00,-27.64E-03
-2.37500E+00,+2.12312E+00,-7.54E-03
-2.35000E+00,+2.14322E+00,-7.54E-03
-2.32500E+00,+2.12312E+00,-7.54E-03
-2.30000E+00,+2.12312E+00,-7.54E-03
-2.27500E+00,+2.12312E+00,-7.54E-03
-2.25000E+00,+2.12312E+00,-7.54E-03
-2.22500E+00,+2.12312E+00,-27.64E-03
-2.20000E+00,+2.12312E+00,-7.54E-03
-2.17500E+00,+2.14322E+00,-7.54E-03
-2.15000E+00,+2.10302E+00,-7.54E-03
-2.12500E+00,+2.10302E+00,-27.64E-03
-2.10000E+00,+2.12312E+00,-7.54E-03
-2.07500E+00,+2.12312E+00,-7.54E-03
-2.05000E+00,+2.12312E+00,-27.64E-03
-2.02500E+00,+2.12312E+00,+12.56E-03
-2.00000E+00,+2.12312E+00,-7.54E-03
-1.97500E+00,+2.14322E+00,+12.56E-03
-1.95000E+00,+2.12312E+00,-7.54E-03
-1.92500E+00,+2.14322E+00,-7.54E-03
-1.90000E+00,+2.14322E+00,-7.54E-03
-1.87500E+00,+2.12312E+00,-7.54E-03
-1.85000E+00,+2.12312E+00,-7.54E-03
-1.82500E+00,+2.14322E+00,-7.54E-03
-1.80000E+00,+2.12312E+00,-7.54E-03
-1.77500E+00,+2.12312E+00,-7.54E-03
-1.75000E+00,+2.12312E+00,-7.54E-03
-1.72500E+00,+2.14322E+00,-27.64E-03
-1.70000E+00,+2.14322E+00,-7.54E-03
-1.67500E+00,+2.10302E+00,-7.54E-03
-1.65000E+00,+2.14322E+00,-7.54E-03
-1.62500E+00,+2.12312E+00,-7.54E-03
-1.60000E+00,+2.12312E+00,-7.54E-03
-1.57500E+00,+2.12312E+00,-7.54E-03
-1.55000E+00,+2.12312E+00,-27.64E-03
-1.52500E+00,+2.12312E+00,-27.64E-03
-1.50000E+00,+2.12312E+00,-7.54E-03
-1.47500E+00,+2.12312E+00,-7.54E-03
-1.45000E+00,+2.14322E+00,-7.54E-03
-1.42500E+00,+2.12312E+00,-7.54E-03
-1.40000E+00,+2.12312E+00,-7.54E-03
-1.37500E+00,+2.14322E+00,+12.56E-03
-1.35000E+00,+2.12312E+00,-7.54E-03
-1.32500E+00,+2.12312E+00,-27.64E-03
-1.30000E+00,+2.12312E+00,-7.54E-03
-1.27500E+00,+2.12312E+00,-7.54E-03
-1.25000E+00,+2.12312E+00,-7.54E-03
-1.22500E+00,+2.14322E+00,-7.54E-03
-1.20000E+00,+2.14322E+00,-7.54E-03
-1.17500E+00,+2.12312E+00,+12.56E-03
-1.15000E+00,+2.14322E+00,+12.56E-03
-1.12500E+00,+2.14322E+00,-27.64E-03
-1.10000E+00,+2.14322E+00,-7.54E-03
-1.07500E+00,+2.12312E+00,-27.64E-03
-1.05000E+00,+2.14322E+00,-7.54E-03
-1.02500E+00,+2.14322E+00,-7.54E-03
-1.00000E+00,+2.16332E+00,-27.64E-03
-975.00E-03,+2.14322E+00,-27.64E-03
-950.00E-03,+2.14322E+00,-7.54E-03
-925.00E-03,+2.14322E+00,+12.56E-03
-900.00E-03,+2.12312E+00,-7.54E-03
-875.00E-03,+2.14322E+00,-7.54E-03
-850.00E-03,+2.14322E+00,-7.54E-03
-825.00E-03,+2.14322E+00,-7.54E-03
-800.00E-03,+2.14322E+00,-7.54E-03
-775.00E-03,+2.14322E+00,+12.56E-03
-750.00E-03,+2.12312E+00,-7.54E-03
-725.00E-03,+2.14322E+00,-7.54E-03
-700.00E-03,+2.14322E+00,-7.54E-03
-675.00E-03,+2.12312E+00,-7.54E-03
-650.00E-03,+2.14322E+00,-7.54E-03
-625.00E-03,+2.14322E+00,-27.64E-03
-600.00E-03,+2.12312E+00,-7.54E-03
-575.00E-03,+2.14322E+00,+12.56E-03
-550.00E-03,+2.14322E+00,-7.54E-03
-525.00E-03,+2.14322E+00,-7.54E-03
-500.00E-03,+2.14322E+00,-7.54E-03
-475.00E-03,+2.12312E+00,-7.54E-03
-450.00E-03,+2.14322E+00,-7.54E-03
-425.00E-03,+2.14322E+00,-7.54E-03
-400.00E-03,+2.14322E+00,-7.54E-03
-375.00E-03,+2.14322E+00,-7.54E-03
-350.00E-03,+2.14322E+00,-7.54E-03
-325.00E-03,+2.14322E+00,-27.64E-03
-300.00E-03,+2.14322E+00,-7.54E-03
-275.00E-03,+2.14322E+00,-7.54E-03
-250.00E-03,+2.12312E+00,-7.54E-03
-225.00E-03,+2.14322E+00,-7.54E-03
-200.00E-03,+2.12312E+00,-7.54E-03
-175.00E-03,+2.14322E+00,+12.56E-03
-150.00E-03,+2.14322E+00,+12.56E-03
-125.00E-03,+2.12312E+00,-7.54E-03
-100.00E-03,+2.14322E+00,-7.54E-03
-75.00E-03,+2.14322E+00,-7.54E-03
-50.00E-03,+2.16332E+00,-7.54E-03
-25.00E-03,+2.12312E+00,-7.54E-03
+0.0E+00,+2.14322E+00,+3.22864E+00
+25.00E-03,+2.12312E+00,+3.28894E+00
+50.00E-03,+2.10302E+00,+3.26884E+00
+75.00E-03,+2.08291E+00,+3.28894E+00
+100.00E-03,+2.08291E+00,+3.26884E+00
+125.00E-03,+2.06281E+00,+3.28894E+00
+150.00E-03,+2.04271E+00,+3.26884E+00
+175.00E-03,+2.06281E+00,+3.26884E+00
+200.00E-03,+2.02261E+00,+3.26884E+00
+225.00E-03,+2.00251E+00,+3.26884E+00
+250.00E-03,+2.00251E+00,+3.26884E+00
+275.00E-03,+1.98241E+00,+3.28894E+00
+300.00E-03,+1.98241E+00,+3.26884E+00
+325.00E-03,+1.98241E+00,+3.26884E+00
+350.00E-03,+1.96231E+00,+3.26884E+00
+375.00E-03,+1.94221E+00,+3.24874E+00
+400.00E-03,+1.94221E+00,+3.26884E+00
+425.00E-03,+1.92211E+00,+3.26884E+00
+450.00E-03,+1.92211E+00,+3.26884E+00
+475.00E-03,+1.90201E+00,+3.26884E+00
+500.00E-03,+1.88191E+00,+3.26884E+00
+525.00E-03,+1.88191E+00,+3.26884E+00
+550.00E-03,+1.88191E+00,+3.26884E+00
+575.00E-03,+1.86181E+00,+3.26884E+00
+600.00E-03,+1.86181E+00,+3.26884E+00
+625.00E-03,+1.86181E+00,+3.26884E+00
+650.00E-03,+1.84171E+00,+3.26884E+00
+675.00E-03,+1.84171E+00,+3.24874E+00
+700.00E-03,+1.82161E+00,+3.26884E+00
+725.00E-03,+1.82161E+00,+3.28894E+00
+750.00E-03,+1.80151E+00,+3.28894E+00
+775.00E-03,+1.80151E+00,+3.26884E+00
+800.00E-03,+1.78141E+00,+3.26884E+00
+825.00E-03,+1.78141E+00,+3.28894E+00
+850.00E-03,+1.78141E+00,+3.26884E+00
+875.00E-03,+1.76131E+00,+3.24874E+00
+900.00E-03,+1.76131E+00,+3.24874E+00
+925.00E-03,+1.76131E+00,+3.26884E+00
+950.00E-03,+1.74121E+00,+3.26884E+00
+975.00E-03,+1.74121E+00,+3.26884E+00
+1.00000E+00,+1.72111E+00,+3.26884E+00
+1.02500E+00,+1.70101E+00,+3.24874E+00
+1.05000E+00,+1.72111E+00,+3.26884E+00
+1.07500E+00,+1.68090E+00,+3.26884E+00
+1.10000E+00,+1.70101E+00,+3.26884E+00
+1.12500E+00,+1.68090E+00,+3.28894E+00
+1.15000E+00,+1.68090E+00,+3.28894E+00
+1.17500E+00,+1.66080E+00,+3.28894E+00
+1.20000E+00,+1.68090E+00,+3.26884E+00
+1.22500E+00,+1.66080E+00,+3.28894E+00
+1.25000E+00,+1.64070E+00,+3.26884E+00
+1.27500E+00,+1.66080E+00,+3.26884E+00
+1.30000E+00,+1.62060E+00,+3.28894E+00
+1.32500E+00,+1.62060E+00,+3.26884E+00
+1.35000E+00,+1.62060E+00,+3.26884E+00
+1.37500E+00,+1.62060E+00,+3.28894E+00
+1.40000E+00,+1.60050E+00,+3.26884E+00
+1.42500E+00,+1.60050E+00,+3.28894E+00
+1.45000E+00,+1.58040E+00,+3.24874E+00
+1.47500E+00,+1.56030E+00,+3.26884E+00
+1.50000E+00,+1.56030E+00,+3.26884E+00
+1.52500E+00,+1.58040E+00,+3.28894E+00
+1.55000E+00,+1.58040E+00,+3.26884E+00
+1.57500E+00,+1.56030E+00,+3.26884E+00
+1.60000E+00,+1.56030E+00,+3.26884E+00
+1.62500E+00,+1.54020E+00,+3.26884E+00
+1.65000E+00,+1.52010E+00,+3.26884E+00
+1.67500E+00,+1.54020E+00,+3.26884E+00
+1.70000E+00,+1.52010E+00,+3.28894E+00
+1.72500E+00,+1.52010E+00,+3.26884E+00
+1.75000E+00,+1.52010E+00,+3.26884E+00
+1.77500E+00,+1.52010E+00,+3.26884E+00
+1.80000E+00,+1.52010E+00,+3.26884E+00
+1.82500E+00,+1.50000E+00,+3.26884E+00
+1.85000E+00,+1.47990E+00,+3.26884E+00
+1.87500E+00,+1.47990E+00,+3.26884E+00
+1.90000E+00,+1.45980E+00,+3.28894E+00
+1.92500E+00,+1.47990E+00,+3.28894E+00
+1.95000E+00,+1.45980E+00,+3.26884E+00
+1.97500E+00,+1.45980E+00,+3.26884E+00
+2.00000E+00,+1.45980E+00,+3.26884E+00
+2.02500E+00,+1.45980E+00,+3.28894E+00
+2.05000E+00,+1.45980E+00,+3.26884E+00
+2.07500E+00,+1.43970E+00,+3.28894E+00
+2.10000E+00,+1.43970E+00,+3.26884E+00
+2.12500E+00,+1.41960E+00,+3.26884E+00
+2.15000E+00,+1.43970E+00,+3.28894E+00
+2.17500E+00,+1.39950E+00,+3.26884E+00
+2.20000E+00,+1.39950E+00,+3.26884E+00
+2.22500E+00,+1.41960E+00,+3.28894E+00
+2.25000E+00,+1.39950E+00,+3.26884E+00
+2.27500E+00,+1.39950E+00,+3.28894E+00
+2.30000E+00,+1.39950E+00,+3.24874E+00
+2.32500E+00,+1.37940E+00,+3.28894E+00
+2.35000E+00,+1.37940E+00,+3.26884E+00
+2.37500E+00,+1.37940E+00,+3.26884E+00
+2.40000E+00,+1.37940E+00,+3.26884E+00
+2.42500E+00,+1.35930E+00,+3.28894E+00
+2.45000E+00,+1.33920E+00,+3.28894E+00
+2.47500E+00,+1.33920E+00,+3.26884E+00
+2.50000E+00,+1.33920E+00,+3.26884E+00
+2.52500E+00,+1.35930E+00,+3.28894E+00
+2.55000E+00,+1.33920E+00,+3.26884E+00
+2.57500E+00,+1.31910E+00,+3.24874E+00
+2.60000E+00,+1.31910E+00,+3.28894E+00
+2.62500E+00,+1.31910E+00,+3.26884E+00
+2.65000E+00,+1.29899E+00,+3.26884E+00
+2.67500E+00,+1.29899E+00,+3.26884E+00
+2.70000E+00,+1.29899E+00,+3.26884E+00
+2.72500E+00,+1.27889E+00,+3.26884E+00
+2.75000E+00,+1.29899E+00,+3.28894E+00
+2.77500E+00,+1.29899E+00,+3.26884E+00
+2.80000E+00,+1.27889E+00,+3.26884E+00
+2.82500E+00,+1.25879E+00,+3.26884E+00
+2.85000E+00,+1.27889E+00,+3.26884E+00
+2.87500E+00,+1.25879E+00,+3.26884E+00
+2.90000E+00,+1.25879E+00,+3.26884E+00
+2.92500E+00,+1.25879E+00,+3.28894E+00
+2.95000E+00,+1.27889E+00,+3.26884E+00
+2.97500E+00,+1.25879E+00,+3.26884E+00
+3.00000E+00,+1.23869E+00,+3.28894E+00
+3.02500E+00,+1.25879E+00,+3.26884E+00
+3.05000E+00,+1.23869E+00,+3.24874E+00
+3.07500E+00,+1.23869E+00,+3.28894E+00
+3.10000E+00,+1.21859E+00,+3.26884E+00
+3.12500E+00,+1.23869E+00,+3.28894E+00
+3.15000E+00,+1.19849E+00,+3.26884E+00
+3.17500E+00,+1.21859E+00,+3.26884E+00
+3.20000E+00,+1.19849E+00,+3.26884E+00
+3.22500E+00,+1.21859E+00,+3.26884E+00
+3.25000E+00,+1.19849E+00,+3.28894E+00
+3.27500E+00,+1.19849E+00,+3.26884E+00
+3.30000E+00,+1.19849E+00,+3.28894E+00
+3.32500E+00,+1.17839E+00,+3.28894E+00
+3.35000E+00,+1.19849E+00,+3.26884E+00
+3.37500E+00,+1.17839E+00,+3.28894E+00
+3.40000E+00,+1.17839E+00,+3.26884E+00
+3.42500E+00,+1.15829E+00,+3.26884E+00
+3.45000E+00,+1.17839E+00,+3.30905E+00
+3.47500E+00,+1.17839E+00,+3.26884E+00
+3.50000E+00,+1.15829E+00,+3.26884E+00
+3.52500E+00,+1.13819E+00,+3.28894E+00
+3.55000E+00,+1.13819E+00,+3.26884E+00
+3.57500E+00,+1.13819E+00,+3.26884E+00
+3.60000E+00,+1.13819E+00,+3.26884E+00
+3.62500E+00,+1.13819E+00,+3.24874E+00
+3.65000E+00,+1.15829E+00,+3.26884E+00
+3.67500E+00,+1.13819E+00,+3.26884E+00
+3.70000E+00,+1.13819E+00,+3.26884E+00
+3.72500E+00,+1.11809E+00,+3.28894E+00
+3.75000E+00,+1.09799E+00,+3.26884E+00
+3.77500E+00,+1.11809E+00,+3.22864E+00
+3.80000E+00,+1.09799E+00,+3.28894E+00
+3.82500E+00,+1.09799E+00,+3.24874E+00
+3.85000E+00,+1.09799E+00,+3.28894E+00
+3.87500E+00,+1.11809E+00,+3.26884E+00
+3.90000E+00,+1.09799E+00,+3.26884E+00
+3.92500E+00,+1.09799E+00,+3.26884E+00
+3.95000E+00,+1.09799E+00,+3.28894E+00
+3.97500E+00,+1.07789E+00,+3.26884E+00
+4.00000E+00,+1.07789E+00,+3.28894E+00
+4.02500E+00,+1.07789E+00,+3.28894E+00
+4.05000E+00,+1.07789E+00,+3.26884E+00
+4.07500E+00,+1.07789E+00,+3.26884E+00
+4.10000E+00,+1.05779E+00,+3.26884E+00
+4.12500E+00,+1.05779E+00,+3.26884E+00
+4.15000E+00,+1.03769E+00,+3.28894E+00
+4.17500E+00,+1.03769E+00,+3.30905E+00
+4.20000E+00,+1.03769E+00,+3.28894E+00
+4.22500E+00,+1.03769E+00,+3.28894E+00
+4.25000E+00,+1.03769E+00,+3.28894E+00
+4.27500E+00,+1.03769E+00,+3.28894E+00
+4.30000E+00,+1.03769E+00,+3.28894E+00
+4.32500E+00,+1.03769E+00,+3.26884E+00
+4.35000E+00,+1.01759E+00,+3.26884E+00
+4.37500E+00,+1.01759E+00,+3.26884E+00
+4.40000E+00,+997.49E-03,+3.26884E+00
+4.42500E+00,+1.01759E+00,+3.26884E+00
+4.45000E+00,+1.01759E+00,+3.28894E+00
+4.47500E+00,+1.01759E+00,+3.24874E+00
+4.50000E+00,+997.49E-03,+3.28894E+00
+4.52500E+00,+997.49E-03,+3.26884E+00
+4.55000E+00,+977.39E-03,+3.28894E+00
+4.57500E+00,+997.49E-03,+3.26884E+00
+4.60000E+00,+997.49E-03,+3.28894E+00
+4.62500E+00,+997.49E-03,+3.26884E+00
+4.65000E+00,+977.39E-03,+3.28894E+00
+4.67500E+00,+997.49E-03,+3.26884E+00
+4.70000E+00,+977.39E-03,+3.26884E+00
+4.72500E+00,+957.29E-03,+3.28894E+00
+4.75000E+00,+957.29E-03,+3.28894E+00
+4.77500E+00,+957.29E-03,+3.28894E+00
+4.80000E+00,+957.29E-03,+3.26884E+00
+4.82500E+00,+957.29E-03,+3.24874E+00
+4.85000E+00,+957.29E-03,+3.26884E+00
+4.87500E+00,+937.19E-03,+3.26884E+00
+4.90000E+00,+937.19E-03,+3.26884E+00
+4.92500E+00,+917.09E-03,+3.28894E+00
+4.95000E+00,+937.19E-03,+3.26884E+00
+4.97500E+00,+937.19E-03,+3.28894E+00
+5.00000E+00,+917.09E-03,+3.26884E+00
+5.02500E+00,+937.19E-03,+3.28894E+00
+5.05000E+00,+937.19E-03,+3.26884E+00
+5.07500E+00,+896.98E-03,+3.28894E+00
+5.10000E+00,+917.09E-03,+3.26884E+00
+5.12500E+00,+917.09E-03,+3.26884E+00
+5.15000E+00,+917.09E-03,+3.26884E+00
+5.17500E+00,+917.09E-03,+3.28894E+00
+5.20000E+00,+896.98E-03,+3.26884E+00
+5.22500E+00,+917.09E-03,+3.26884E+00
+5.25000E+00,+896.98E-03,+3.26884E+00
+5.27500E+00,+917.09E-03,+3.24874E+00
+5.30000E+00,+896.98E-03,+3.26884E+00
+5.32500E+00,+896.98E-03,+3.28894E+00
+5.35000E+00,+896.98E-03,+3.26884E+00
+5.37500E+00,+876.88E-03,+3.26884E+00
+5.40000E+00,+876.88E-03,+3.28894E+00
+5.42500E+00,+876.88E-03,+3.28894E+00
+5.45000E+00,+876.88E-03,+3.28894E+00
+5.47500E+00,+876.88E-03,+3.26884E+00
+5.50000E+00,+856.78E-03,+3.28894E+00
+5.52500E+00,+876.88E-03,+3.26884E+00
+5.55000E+00,+856.78E-03,+3.26884E+00
+5.57500E+00,+876.88E-03,+3.26884E+00
+5.60000E+00,+856.78E-03,+3.28894E+00
+5.62500E+00,+856.78E-03,+3.26884E+00
+5.65000E+00,+856.78E-03,+3.26884E+00
+5.67500E+00,+856.78E-03,+3.26884E+00
+5.70000E+00,+856.78E-03,+3.28894E+00
+5.72500E+00,+856.78E-03,+3.28894E+00
+5.75000E+00,+876.88E-03,+3.28894E+00
+5.77500E+00,+836.68E-03,+3.24874E+00
+5.80000E+00,+836.68E-03,+3.26884E+00
+5.82500E+00,+836.68E-03,+3.26884E+00
+5.85000E+00,+836.68E-03,+3.26884E+00
+5.87500E+00,+816.58E-03,+3.26884E+00
+5.90000E+00,+836.68E-03,+3.28894E+00
+5.92500E+00,+816.58E-03,+3.24874E+00
+5.95000E+00,+816.58E-03,+3.24874E+00
+5.97500E+00,+816.58E-03,+3.26884E+00
+6.00000E+00,+816.58E-03,+3.28894E+00
+6.02500E+00,+816.58E-03,+3.28894E+00
+6.05000E+00,+816.58E-03,+3.26884E+00
+6.07500E+00,+796.48E-03,+3.28894E+00
+6.10000E+00,+796.48E-03,+3.26884E+00
+6.12500E+00,+796.48E-03,+3.26884E+00
+6.15000E+00,+796.48E-03,+3.26884E+00
+6.17500E+00,+796.48E-03,+3.26884E+00
+6.20000E+00,+776.38E-03,+3.26884E+00
+6.22500E+00,+776.38E-03,+3.26884E+00
+6.25000E+00,+776.38E-03,+3.28894E+00
+6.27500E+00,+776.38E-03,+3.28894E+00
+6.30000E+00,+796.48E-03,+3.26884E+00
+6.32500E+00,+796.48E-03,+3.26884E+00
+6.35000E+00,+776.38E-03,+3.26884E+00
+6.37500E+00,+776.38E-03,+3.26884E+00
+6.40000E+00,+776.38E-03,+3.28894E+00
+6.42500E+00,+796.48E-03,+3.26884E+00
+6.45000E+00,+776.38E-03,+3.26884E+00
+6.47500E+00,+756.28E-03,+3.28894E+00
+6.50000E+00,+756.28E-03,+3.26884E+00
+6.52500E+00,+756.28E-03,+3.26884E+00
+6.55000E+00,+776.38E-03,+3.26884E+00
+6.57500E+00,+776.38E-03,+3.26884E+00
+6.60000E+00,+756.28E-03,+3.26884E+00
+6.62500E+00,+736.18E-03,+3.26884E+00
+6.65000E+00,+756.28E-03,+3.28894E+00
+6.67500E+00,+756.28E-03,+3.28894E+00
+6.70000E+00,+736.18E-03,+3.26884E+00
+6.72500E+00,+736.18E-03,+3.26884E+00
+6.75000E+00,+736.18E-03,+3.28894E+00
+6.77500E+00,+736.18E-03,+3.28894E+00
+6.80000E+00,+736.18E-03,+3.26884E+00
+6.82500E+00,+736.18E-03,+3.28894E+00
+6.85000E+00,+736.18E-03,+3.26884E+00
+6.87500E+00,+736.18E-03,+3.26884E+00
+6.90000E+00,+716.08E-03,+3.26884E+00
+6.92500E+00,+716.08E-03,+3.28894E+00
+6.95000E+00,+716.08E-03,+3.24874E+00
+6.97500E+00,+716.08E-03,+3.26884E+00
+7.00000E+00,+736.18E-03,+3.26884E+00
+7.02500E+00,+695.98E-03,+3.26884E+00
+7.05000E+00,+716.08E-03,+3.26884E+00
+7.07500E+00,+716.08E-03,+3.26884E+00
+7.10000E+00,+695.98E-03,+3.26884E+00
+7.12500E+00,+695.98E-03,+3.26884E+00
+7.15000E+00,+716.08E-03,+3.26884E+00
+7.17500E+00,+695.98E-03,+3.26884E+00
+7.20000E+00,+716.08E-03,+3.26884E+00
+7.22500E+00,+675.88E-03,+3.26884E+00
+7.25000E+00,+695.98E-03,+3.26884E+00
+7.27500E+00,+695.98E-03,+3.26884E+00
+7.30000E+00,+695.98E-03,+3.28894E+00
+7.32500E+00,+675.88E-03,+3.28894E+00
+7.35000E+00,+695.98E-03,+3.26884E+00
+7.37500E+00,+675.88E-03,+3.28894E+00
+7.40000E+00,+675.88E-03,+3.26884E+00
+7.42500E+00,+675.88E-03,+3.26884E+00
+7.45000E+00,+675.88E-03,+3.28894E+00
+7.47500E+00,+675.88E-03,+3.26884E+00
+7.50000E+00,+675.88E-03,+3.28894E+00
+7.52500E+00,+675.88E-03,+3.24874E+00
+7.55000E+00,+655.78E-03,+3.26884E+00
+7.57500E+00,+675.88E-03,+3.28894E+00
+7.60000E+00,+675.88E-03,+3.26884E+00
+7.62500E+00,+655.78E-03,+3.26884E+00
+7.65000E+00,+655.78E-03,+3.28894E+00
+7.67500E+00,+655.78E-03,+3.26884E+00
+7.70000E+00,+655.78E-03,+3.26884E+00
+7.72500E+00,+655.78E-03,+3.26884E+00
+7.75000E+00,+635.68E-03,+3.26884E+00
+7.77500E+00,+655.78E-03,+3.26884E+00
+7.80000E+00,+655.78E-03,+3.24874E+00
+7.82500E+00,+635.68E-03,+3.26884E+00
+7.85000E+00,+635.68E-03,+3.28894E+00
+7.87500E+00,+635.68E-03,+3.28894E+00
+7.90000E+00,+615.58E-03,+3.26884E+00
+7.92500E+00,+635.68E-03,+3.26884E+00
+7.95000E+00,+635.68E-03,+3.26884E+00
+7.97500E+00,+635.68E-03,+3.28894E+00
+8.00000E+00,+615.58E-03,+3.26884E+00
+8.02500E+00,+615.58E-03,+3.26884E+00
+8.05000E+00,+635.68E-03,+3.28894E+00
+8.07500E+00,+635.68E-03,+3.28894E+00
+8.10000E+00,+635.68E-03,+3.26884E+00
+8.12500E+00,+615.58E-03,+3.26884E+00
+8.15000E+00,+595.48E-03,+3.28894E+00
+8.17500E+00,+615.58E-03,+3.28894E+00
+8.20000E+00,+635.68E-03,+3.28894E+00
+8.22500E+00,+635.68E-03,+3.26884E+00
+8.25000E+00,+615.58E-03,+3.28894E+00
+8.27500E+00,+595.48E-03,+3.26884E+00
+8.30000E+00,+615.58E-03,+3.26884E+00
+8.32500E+00,+615.58E-03,+3.26884E+00
+8.35000E+00,+575.38E-03,+3.26884E+00
+8.37500E+00,+595.48E-03,+3.28894E+00
+8.40000E+00,+595.48E-03,+3.26884E+00
+8.42500E+00,+595.48E-03,+3.28894E+00
+8.45000E+00,+595.48E-03,+3.26884E+00
+8.47500E+00,+595.48E-03,+3.26884E+00
+8.50000E+00,+575.38E-03,+3.24874E+00
+8.52500E+00,+575.38E-03,+3.26884E+00
+8.55000E+00,+595.48E-03,+3.26884E+00
+8.57500E+00,+575.38E-03,+3.28894E+00
+8.60000E+00,+595.48E-03,+3.26884E+00
+8.62500E+00,+575.38E-03,+3.28894E+00
+8.65000E+00,+575.38E-03,+3.26884E+00
+8.67500E+00,+575.38E-03,+3.26884E+00
+8.70000E+00,+575.38E-03,+3.26884E+00
+8.72500E+00,+555.28E-03,+3.28894E+00
+8.75000E+00,+575.38E-03,+3.26884E+00
+8.77500E+00,+595.48E-03,+3.28894E+00
+8.80000E+00,+575.38E-03,+3.28894E+00
+8.82500E+00,+575.38E-03,+3.28894E+00
+8.85000E+00,+575.38E-03,+3.26884E+00
+8.87500E+00,+575.38E-03,+3.24874E+00
+8.90000E+00,+575.38E-03,+3.26884E+00
+8.92500E+00,+575.38E-03,+3.26884E+00
+8.95000E+00,+575.38E-03,+3.28894E+00
+8.97500E+00,+555.28E-03,+3.28894E+00
+9.00000E+00,+555.28E-03,+3.26884E+00
+9.02500E+00,+555.28E-03,+3.30905E+00
+9.05000E+00,+555.28E-03,+3.24874E+00
+9.07500E+00,+555.28E-03,+3.26884E+00
+9.10000E+00,+555.28E-03,+3.26884E+00
+9.12500E+00,+555.28E-03,+3.26884E+00
+9.15000E+00,+555.28E-03,+3.26884E+00
+9.17500E+00,+555.28E-03,+3.26884E+00
+9.20000E+00,+555.28E-03,+3.26884E+00
+9.22500E+00,+535.18E-03,+3.28894E+00
+9.25000E+00,+535.18E-03,+3.28894E+00
+9.27500E+00,+535.18E-03,+3.26884E+00
+9.30000E+00,+535.18E-03,+3.28894E+00
+9.32500E+00,+515.08E-03,+3.26884E+00
+9.35000E+00,+535.18E-03,+3.26884E+00
+9.37500E+00,+535.18E-03,+3.28894E+00
+9.40000E+00,+515.08E-03,+3.24874E+00
+9.42500E+00,+555.28E-03,+3.26884E+00
+9.45000E+00,+515.08E-03,+3.26884E+00
+9.47500E+00,+515.08E-03,+3.24874E+00
+9.50000E+00,+515.08E-03,+3.26884E+00
+9.52500E+00,+515.08E-03,+3.26884E+00
+9.55000E+00,+515.08E-03,+3.26884E+00
+9.57500E+00,+535.18E-03,+3.26884E+00
+9.60000E+00,+535.18E-03,+3.26884E+00
+9.62500E+00,+535.18E-03,+3.28894E+00
+9.65000E+00,+515.08E-03,+3.26884E+00
+9.67500E+00,+515.08E-03,+3.26884E+00
+9.70000E+00,+494.97E-03,+3.26884E+00
+9.72500E+00,+494.97E-03,+3.28894E+00
+9.75000E+00,+535.18E-03,+3.26884E+00
+9.77500E+00,+515.08E-03,+3.28894E+00
+9.80000E+00,+515.08E-03,+3.26884E+00
+9.82500E+00,+515.08E-03,+3.24874E+00
+9.85000E+00,+515.08E-03,+3.28894E+00
+9.87500E+00,+494.97E-03,+3.26884E+00
+9.90000E+00,+494.97E-03,+3.28894E+00
+9.92500E+00,+494.97E-03,+3.26884E+00
+9.95000E+00,+494.97E-03,+3.26884E+00
+9.97500E+00,+494.97E-03,+3.26884E+00
+10.00000E+00,+494.97E-03,+3.26884E+00
+10.02500E+00,+494.97E-03,+3.26884E+00
+10.05000E+00,+494.97E-03,+3.26884E+00
+10.07500E+00,+474.87E-03,+3.26884E+00
+10.10000E+00,+494.97E-03,+3.24874E+00
+10.12500E+00,+494.97E-03,+3.26884E+00
+10.15000E+00,+474.87E-03,+3.28894E+00
+10.17500E+00,+474.87E-03,+3.26884E+00
+10.20000E+00,+494.97E-03,+3.26884E+00
+10.22500E+00,+474.87E-03,+3.26884E+00
+10.25000E+00,+474.87E-03,+3.26884E+00
+10.27500E+00,+474.87E-03,+3.26884E+00
+10.30000E+00,+474.87E-03,+3.28894E+00
+10.32500E+00,+454.77E-03,+3.26884E+00
+10.35000E+00,+474.87E-03,+3.26884E+00
+10.37500E+00,+454.77E-03,+3.26884E+00
+10.40000E+00,+474.87E-03,+3.26884E+00
+10.42500E+00,+474.87E-03,+3.26884E+00
+10.45000E+00,+474.87E-03,+3.26884E+00
+10.47500E+00,+454.77E-03,+3.28894E+00
+10.50000E+00,+474.87E-03,+3.26884E+00
+10.52500E+00,+474.87E-03,+3.26884E+00
+10.55000E+00,+454.77E-03,+3.28894E+00
+10.57500E+00,+474.87E-03,+3.26884E+00
+10.60000E+00,+454.77E-03,+3.28894E+00
+10.62500E+00,+454.77E-03,+3.24874E+00
+10.65000E+00,+474.87E-03,+3.26884E+00
+10.67500E+00,+454.77E-03,+3.28894E+00
+10.70000E+00,+454.77E-03,+3.26884E+00
+10.72500E+00,+454.77E-03,+3.26884E+00
+10.75000E+00,+454.77E-03,+3.28894E+00
+10.77500E+00,+434.67E-03,+3.24874E+00
+10.80000E+00,+434.67E-03,+3.26884E+00
+10.82500E+00,+454.77E-03,+3.28894E+00
+10.85000E+00,+454.77E-03,+3.26884E+00
+10.87500E+00,+434.67E-03,+3.26884E+00
+10.90000E+00,+434.67E-03,+3.28894E+00
+10.92500E+00,+434.67E-03,+3.26884E+00
+10.95000E+00,+454.77E-03,+3.26884E+00
+10.97500E+00,+434.67E-03,+3.28894E+00
+11.00000E+00,+434.67E-03,+3.26884E+00
+11.02500E+00,+434.67E-03,+3.26884E+00
+11.05000E+00,+434.67E-03,+3.26884E+00
+11.07500E+00,+454.77E-03,+3.26884E+00
+11.10000E+00,+434.67E-03,+3.26884E+00
+11.12500E+00,+434.67E-03,+3.28894E+00
+11.15000E+00,+434.67E-03,+3.26884E+00
+11.17500E+00,+434.67E-03,+3.26884E+00
+11.20000E+00,+414.57E-03,+3.26884E+00
+11.22500E+00,+414.57E-03,+3.24874E+00
+11.25000E+00,+434.67E-03,+3.26884E+00
+11.27500E+00,+414.57E-03,+3.24874E+00
+11.30000E+00,+434.67E-03,+3.26884E+00
+11.32500E+00,+434.67E-03,+3.26884E+00
+11.35000E+00,+414.57E-03,+3.28894E+00
+11.37500E+00,+414.57E-03,+3.28894E+00
+11.40000E+00,+414.57E-03,+3.26884E+00
+11.42500E+00,+414.57E-03,+3.28894E+00
+11.45000E+00,+414.57E-03,+3.26884E+00
+11.47500E+00,+394.47E-03,+3.28894E+00
+11.50000E+00,+414.57E-03,+3.28894E+00
+11.52500E+00,+414.57E-03,+3.26884E+00
+11.55000E+00,+414.57E-03,+3.26884E+00
+11.57500E+00,+394.47E-03,+3.26884E+00
+11.60000E+00,+414.57E-03,+3.26884E+00
+11.62500E+00,+414.57E-03,+3.26884E+00
+11.65000E+00,+414.57E-03,+3.26884E+00
+11.67500E+00,+394.47E-03,+3.26884E+00
+11.70000E+00,+394.47E-03,+3.28894E+00
+11.72500E+00,+394.47E-03,+3.26884E+00
+11.75000E+00,+394.47E-03,+3.28894E+00
+11.77500E+00,+394.47E-03,+3.28894E+00
+11.80000E+00,+414.57E-03,+3.26884E+00
+11.82500E+00,+394.47E-03,+3.26884E+00
+11.85000E+00,+374.37E-03,+3.24874E+00
+11.87500E+00,+394.47E-03,+3.26884E+00
+11.90000E+00,+394.47E-03,+3.26884E+00
+11.92500E+00,+414.57E-03,+3.26884E+00
+11.95000E+00,+374.37E-03,+3.28894E+00
+11.97500E+00,+414.57E-03,+3.28894E+00
+12.00000E+00,+394.47E-03,+3.28894E+00
+12.02500E+00,+414.57E-03,+3.28894E+00
+12.05000E+00,+374.37E-03,+3.26884E+00
+12.07500E+00,+374.37E-03,+3.26884E+00
+12.10000E+00,+394.47E-03,+3.24874E+00
+12.12500E+00,+394.47E-03,+3.28894E+00
+12.15000E+00,+394.47E-03,+3.26884E+00
+12.17500E+00,+374.37E-03,+3.26884E+00
+12.20000E+00,+394.47E-03,+3.26884E+00
+12.22500E+00,+374.37E-03,+3.28894E+00
+12.25000E+00,+374.37E-03,+3.26884E+00
+12.27500E+00,+354.27E-03,+3.24874E+00
+12.30000E+00,+374.37E-03,+3.24874E+00
+12.32500E+00,+374.37E-03,+3.28894E+00
+12.35000E+00,+374.37E-03,+3.26884E+00
+12.37500E+00,+374.37E-03,+3.28894E+00
+12.40000E+00,+394.47E-03,+3.26884E+00
+12.42500E+00,+374.37E-03,+3.26884E+00
+12.45000E+00,+374.37E-03,+3.26884E+00
+12.47500E+00,+354.27E-03,+3.28894E+00
+12.50000E+00,+354.27E-03,+3.26884E+00
+12.52500E+00,+354.27E-03,+3.28894E+00
+12.55000E+00,+354.27E-03,+3.26884E+00
+12.57500E+00,+354.27E-03,+3.28894E+00
+12.60000E+00,+374.37E-03,+3.26884E+00
+12.62500E+00,+354.27E-03,+3.26884E+00
+12.65000E+00,+354.27E-03,+3.24874E+00
+12.67500E+00,+354.27E-03,+3.26884E+00
+12.70000E+00,+354.27E-03,+3.28894E+00
+12.72500E+00,+354.27E-03,+3.26884E+00
+12.75000E+00,+334.17E-03,+3.28894E+00
+12.77500E+00,+354.27E-03,+3.26884E+00
+12.80000E+00,+354.27E-03,+3.26884E+00
+12.82500E+00,+354.27E-03,+3.26884E+00
+12.85000E+00,+374.37E-03,+3.28894E+00
+12.87500E+00,+354.27E-03,+3.28894E+00
+12.90000E+00,+354.27E-03,+3.26884E+00
+12.92500E+00,+354.27E-03,+3.26884E+00
+12.95000E+00,+354.27E-03,+3.28894E+00
+12.97500E+00,+334.17E-03,+3.26884E+00
+13.00000E+00,+354.27E-03,+3.30905E+00
+13.02500E+00,+354.27E-03,+3.28894E+00
+13.05000E+00,+334.17E-03,+3.24874E+00
+13.07500E+00,+334.17E-03,+3.26884E+00
+13.10000E+00,+334.17E-03,+3.28894E+00
+13.12500E+00,+334.17E-03,+3.26884E+00
+13.15000E+00,+314.07E-03,+3.28894E+00
+13.17500E+00,+334.17E-03,+3.28894E+00
+13.20000E+00,+314.07E-03,+3.26884E+00
+13.22500E+00,+334.17E-03,+3.26884E+00
+13.25000E+00,+314.07E-03,+3.24874E+00
+13.27500E+00,+334.17E-03,+3.28894E+00
+13.30000E+00,+334.17E-03,+3.28894E+00
+13.32500E+00,+314.07E-03,+3.26884E+00
+13.35000E+00,+334.17E-03,+3.26884E+00
+13.37500E+00,+334.17E-03,+3.26884E+00
+13.40000E+00,+334.17E-03,+3.26884E+00
+13.42500E+00,+314.07E-03,+3.26884E+00
+13.45000E+00,+314.07E-03,+3.26884E+00
+13.47500E+00,+314.07E-03,+3.28894E+00
+13.50000E+00,+314.07E-03,+3.26884E+00
+13.52500E+00,+334.17E-03,+3.26884E+00
+13.55000E+00,+334.17E-03,+3.28894E+00
+13.57500E+00,+314.07E-03,+3.24874E+00
+13.60000E+00,+334.17E-03,+3.24874E+00
+13.62500E+00,+314.07E-03,+3.26884E+00
+13.65000E+00,+334.17E-03,+3.28894E+00
+13.67500E+00,+334.17E-03,+3.26884E+00
+13.70000E+00,+314.07E-03,+3.26884E+00
+13.72500E+00,+334.17E-03,+3.28894E+00
+13.75000E+00,+293.97E-03,+3.28894E+00
+13.77500E+00,+314.07E-03,+3.26884E+00
+13.80000E+00,+314.07E-03,+3.26884E+00
+13.82500E+00,+314.07E-03,+3.24874E+00
+13.85000E+00,+314.07E-03,+3.26884E+00
+13.87500E+00,+293.97E-03,+3.26884E+00
+13.90000E+00,+314.07E-03,+3.26884E+00
+13.92500E+00,+293.97E-03,+3.26884E+00
+13.95000E+00,+314.07E-03,+3.24874E+00
+13.97500E+00,+314.07E-03,+3.24874E+00
+14.00000E+00,+293.97E-03,+3.26884E+00
+14.02500E+00,+293.97E-03,+3.28894E+00
+14.05000E+00,+314.07E-03,+3.24874E+00
+14.07500E+00,+314.07E-03,+3.28894E+00
+14.10000E+00,+314.07E-03,+3.26884E+00
+14.12500E+00,+314.07E-03,+3.28894E+00
+14.15000E+00,+293.97E-03,+3.26884E+00
+14.17500E+00,+314.07E-03,+3.26884E+00
+14.20000E+00,+293.97E-03,+3.26884E+00
+14.22500E+00,+314.07E-03,+3.24874E+00
+14.25000E+00,+293.97E-03,+3.24874E+00
+14.27500E+00,+314.07E-03,+3.28894E+00
+14.30000E+00,+273.87E-03,+3.26884E+00
+14.32500E+00,+314.07E-03,+3.28894E+00
+14.35000E+00,+293.97E-03,+3.26884E+00
+14.37500E+00,+293.97E-03,+3.28894E+00
+14.40000E+00,+293.97E-03,+3.28894E+00
+14.42500E+00,+273.87E-03,+3.26884E+00
+14.45000E+00,+314.07E-03,+3.26884E+00
+14.47500E+00,+293.97E-03,+3.28894E+00
+14.50000E+00,+293.97E-03,+3.26884E+00
+14.52500E+00,+293.97E-03,+3.26884E+00
+14.55000E+00,+273.87E-03,+3.26884E+00
+14.57500E+00,+273.87E-03,+3.28894E+00
+14.60000E+00,+293.97E-03,+3.28894E+00
+14.62500E+00,+273.87E-03,+3.26884E+00
+14.65000E+00,+293.97E-03,+3.26884E+00
+14.67500E+00,+273.87E-03,+3.26884E+00
+14.70000E+00,+273.87E-03,+3.26884E+00
+14.72500E+00,+293.97E-03,+3.28894E+00
+14.75000E+00,+293.97E-03,+3.26884E+00
+14.77500E+00,+273.87E-03,+3.24874E+00
+14.80000E+00,+253.77E-03,+3.26884E+00
+14.82500E+00,+273.87E-03,+3.26884E+00
+14.85000E+00,+293.97E-03,+3.26884E+00
+14.87500E+00,+293.97E-03,+3.28894E+00
+14.90000E+00,+273.87E-03,+3.26884E+00
+14.92500E+00,+273.87E-03,+3.26884E+00
+14.95000E+00,+253.77E-03,+3.28894E+00
+14.97500E+00,+273.87E-03,+3.28894E+00
+15.00000E+00,+253.77E-03,+3.26884E+00
+15.02500E+00,+253.77E-03,+3.26884E+00
+15.05000E+00,+273.87E-03,+3.26884E+00
+15.07500E+00,+253.77E-03,+3.26884E+00
+15.10000E+00,+273.87E-03,+3.26884E+00
+15.12500E+00,+253.77E-03,+3.26884E+00
+15.15000E+00,+273.87E-03,+3.26884E+00
+15.17500E+00,+253.77E-03,+3.26884E+00
+15.20000E+00,+273.87E-03,+3.26884E+00
+15.22500E+00,+253.77E-03,+3.26884E+00
+15.25000E+00,+253.77E-03,+3.26884E+00
+15.27500E+00,+273.87E-03,+3.26884E+00
+15.30000E+00,+253.77E-03,+3.26884E+00
+15.32500E+00,+253.77E-03,+3.24874E+00
+15.35000E+00,+273.87E-03,+3.28894E+00
+15.37500E+00,+253.77E-03,+3.26884E+00
+15.40000E+00,+253.77E-03,+3.24874E+00
+15.42500E+00,+253.77E-03,+3.26884E+00
+15.45000E+00,+253.77E-03,+3.26884E+00
+15.47500E+00,+253.77E-03,+3.28894E+00
+15.50000E+00,+253.77E-03,+3.26884E+00
+15.52500E+00,+233.67E-03,+3.26884E+00
+15.55000E+00,+253.77E-03,+3.28894E+00
+15.57500E+00,+253.77E-03,+3.26884E+00
+15.60000E+00,+253.77E-03,+3.26884E+00
+15.62500E+00,+253.77E-03,+3.28894E+00
+15.65000E+00,+233.67E-03,+3.28894E+00
+15.67500E+00,+253.77E-03,+3.26884E+00
+15.70000E+00,+253.77E-03,+3.26884E+00
+15.72500E+00,+253.77E-03,+3.28894E+00
+15.75000E+00,+233.67E-03,+3.26884E+00
+15.77500E+00,+233.67E-03,+3.24874E+00
+15.80000E+00,+233.67E-03,+3.26884E+00
+15.82500E+00,+253.77E-03,+3.26884E+00
+15.85000E+00,+253.77E-03,+3.26884E+00
+15.87500E+00,+253.77E-03,+3.26884E+00
+15.90000E+00,+253.77E-03,+3.26884E+00
+15.92500E+00,+233.67E-03,+3.28894E+00
+15.95000E+00,+233.67E-03,+3.28894E+00
+15.97500E+00,+233.67E-03,+3.26884E+00
+16.00000E+00,+253.77E-03,+3.28894E+00
+16.02500E+00,+233.67E-03,+3.28894E+00
+16.05000E+00,+233.67E-03,+3.26884E+00
+16.07500E+00,+233.67E-03,+3.26884E+00
+16.10000E+00,+233.67E-03,+3.26884E+00
+16.12500E+00,+253.77E-03,+3.26884E+00
+16.15000E+00,+213.57E-03,+3.26884E+00
+16.17500E+00,+213.57E-03,+3.26884E+00
+16.20000E+00,+233.67E-03,+3.26884E+00
+16.22500E+00,+233.67E-03,+3.26884E+00
+16.25000E+00,+213.57E-03,+3.26884E+00
+16.27500E+00,+233.67E-03,+3.26884E+00
+16.30000E+00,+213.57E-03,+3.28894E+00
+16.32500E+00,+213.57E-03,+3.26884E+00
+16.35000E+00,+233.67E-03,+3.26884E+00
+16.37500E+00,+213.57E-03,+3.28894E+00
+16.40000E+00,+233.67E-03,+3.26884E+00
+16.42500E+00,+233.67E-03,+3.26884E+00
+16.45000E+00,+213.57E-03,+3.26884E+00
+16.47500E+00,+233.67E-03,+3.28894E+00
+16.50000E+00,+233.67E-03,+3.24874E+00
+16.52500E+00,+233.67E-03,+3.26884E+00
+16.55000E+00,+233.67E-03,+3.26884E+00
+16.57500E+00,+233.67E-03,+3.26884E+00
+16.60000E+00,+233.67E-03,+3.26884E+00
+16.62500E+00,+233.67E-03,+3.26884E+00
+16.65000E+00,+213.57E-03,+3.26884E+00
+16.67500E+00,+233.67E-03,+3.26884E+00
+16.70000E+00,+213.57E-03,+3.28894E+00
+16.72500E+00,+213.57E-03,+3.26884E+00
+16.75000E+00,+213.57E-03,+3.26884E+00
+16.77500E+00,+213.57E-03,+3.26884E+00
+16.80000E+00,+213.57E-03,+3.26884E+00
+16.82500E+00,+213.57E-03,+3.28894E+00
+16.85000E+00,+233.67E-03,+3.26884E+00
+16.87500E+00,+213.57E-03,+3.26884E+00
+16.90000E+00,+213.57E-03,+3.28894E+00
+16.92500E+00,+213.57E-03,+3.26884E+00
+16.95000E+00,+193.47E-03,+3.26884E+00
+16.97500E+00,+213.57E-03,+3.26884E+00
+17.00000E+00,+213.57E-03,+3.26884E+00
+17.02500E+00,+233.67E-03,+3.24874E+00
+17.05000E+00,+213.57E-03,+3.26884E+00
+17.07500E+00,+213.57E-03,+3.26884E+00
+17.10000E+00,+193.47E-03,+3.28894E+00
+17.12500E+00,+213.57E-03,+3.26884E+00
+17.15000E+00,+213.57E-03,+3.26884E+00
+17.17500E+00,+213.57E-03,+3.26884E+00
+17.20000E+00,+213.57E-03,+3.28894E+00
+17.22500E+00,+233.67E-03,+3.26884E+00
+17.25000E+00,+213.57E-03,+3.26884E+00
+17.27500E+00,+213.57E-03,+3.28894E+00
+17.30000E+00,+193.47E-03,+3.26884E+00
+17.32500E+00,+193.47E-03,+3.24874E+00
+17.35000E+00,+213.57E-03,+3.28894E+00
+17.37500E+00,+213.57E-03,+3.26884E+00
+17.40000E+00,+213.57E-03,+3.26884E+00
+17.42500E+00,+193.47E-03,+3.24874E+00
+17.45000E+00,+213.57E-03,+3.26884E+00
+17.47500E+00,+193.47E-03,+3.28894E+00
+17.50000E+00,+213.57E-03,+3.26884E+00
+17.52500E+00,+193.47E-03,+3.24874E+00
+17.55000E+00,+193.47E-03,+3.26884E+00
+17.57500E+00,+193.47E-03,+3.24874E+00
+17.60000E+00,+193.47E-03,+3.26884E+00
+17.62500E+00,+193.47E-03,+3.26884E+00
+17.65000E+00,+213.57E-03,+3.26884E+00
+17.67500E+00,+213.57E-03,+3.26884E+00
+17.70000E+00,+193.47E-03,+3.28894E+00
+17.72500E+00,+193.47E-03,+3.26884E+00
+17.75000E+00,+193.47E-03,+3.28894E+00
+17.77500E+00,+193.47E-03,+3.24874E+00
+17.80000E+00,+193.47E-03,+3.30905E+00
+17.82500E+00,+193.47E-03,+3.26884E+00
+17.85000E+00,+193.47E-03,+3.26884E+00
+17.87500E+00,+193.47E-03,+3.26884E+00
+17.90000E+00,+173.37E-03,+3.26884E+00
+17.92500E+00,+193.47E-03,+3.24874E+00
+17.95000E+00,+193.47E-03,+3.28894E+00
+17.97500E+00,+193.47E-03,+3.26884E+00
+18.00000E+00,+193.47E-03,+3.24874E+00
+18.02500E+00,+193.47E-03,+3.26884E+00
+18.05000E+00,+213.57E-03,+3.26884E+00
+18.07500E+00,+193.47E-03,+3.24874E+00
+18.10000E+00,+213.57E-03,+3.28894E+00
+18.12500E+00,+193.47E-03,+3.26884E+00
+18.15000E+00,+193.47E-03,+3.26884E+00
+18.17500E+00,+173.37E-03,+3.26884E+00
+18.20000E+00,+173.37E-03,+3.26884E+00
+18.22500E+00,+193.47E-03,+3.28894E+00
+18.25000E+00,+173.37E-03,+3.30905E+00
+18.27500E+00,+173.37E-03,+3.26884E+00
+18.30000E+00,+193.47E-03,+3.26884E+00
+18.32500E+00,+193.47E-03,+3.26884E+00
+18.35000E+00,+193.47E-03,+3.24874E+00
+18.37500E+00,+153.27E-03,+3.26884E+00
+18.40000E+00,+193.47E-03,+3.26884E+00
+18.42500E+00,+173.37E-03,+3.26884E+00
+18.45000E+00,+173.37E-03,+3.28894E+00
+18.47500E+00,+173.37E-03,+3.28894E+00
+18.50000E+00,+193.47E-03,+3.28894E+00
+18.52500E+00,+173.37E-03,+3.30905E+00
+18.55000E+00,+173.37E-03,+3.26884E+00
+18.57500E+00,+173.37E-03,+3.26884E+00
+18.60000E+00,+193.47E-03,+3.24874E+00
+18.62500E+00,+173.37E-03,+3.26884E+00
+18.65000E+00,+173.37E-03,+3.26884E+00
+18.67500E+00,+173.37E-03,+3.26884E+00
+18.70000E+00,+173.37E-03,+3.26884E+00
+18.72500E+00,+173.37E-03,+3.26884E+00
+18.75000E+00,+173.37E-03,+3.26884E+00
+18.77500E+00,+193.47E-03,+3.26884E+00
+18.80000E+00,+153.27E-03,+3.26884E+00
+18.82500E+00,+173.37E-03,+3.26884E+00
+18.85000E+00,+173.37E-03,+3.24874E+00
+18.87500E+00,+173.37E-03,+3.26884E+00
+18.90000E+00,+173.37E-03,+3.28894E+00
+18.92500E+00,+173.37E-03,+3.26884E+00
+18.95000E+00,+153.27E-03,+3.26884E+00
+18.97500E+00,+173.37E-03,+3.26884E+00
+19.00000E+00,+173.37E-03,+3.26884E+00
+19.02500E+00,+153.27E-03,+3.28894E+00
+19.05000E+00,+173.37E-03,+3.26884E+00
+19.07500E+00,+153.27E-03,+3.26884E+00
+19.10000E+00,+173.37E-03,+3.26884E+00
+19.12500E+00,+153.27E-03,+3.26884E+00
+19.15000E+00,+153.27E-03,+3.26884E+00
+19.17500E+00,+153.27E-03,+3.24874E+00
+19.20000E+00,+153.27E-03,+3.26884E+00
+19.22500E+00,+173.37E-03,+3.26884E+00
+19.25000E+00,+153.27E-03,+3.26884E+00
+19.27500E+00,+173.37E-03,+3.28894E+00
+19.30000E+00,+153.27E-03,+3.26884E+00
+19.32500E+00,+173.37E-03,+3.26884E+00
+19.35000E+00,+153.27E-03,+3.26884E+00
+19.37500E+00,+153.27E-03,+3.26884E+00
+19.40000E+00,+173.37E-03,+3.26884E+00
+19.42500E+00,+153.27E-03,+3.26884E+00
+19.45000E+00,+153.27E-03,+3.28894E+00
+19.47500E+00,+153.27E-03,+3.26884E+00
+19.50000E+00,+153.27E-03,+3.26884E+00
+19.52500E+00,+153.27E-03,+3.26884E+00
+19.55000E+00,+173.37E-03,+3.26884E+00
+19.57500E+00,+173.37E-03,+3.26884E+00
+19.60000E+00,+153.27E-03,+3.28894E+00
+19.62500E+00,+153.27E-03,+3.26884E+00
+19.65000E+00,+153.27E-03,+3.26884E+00
+19.67500E+00,+153.27E-03,+3.28894E+00
+19.70000E+00,+153.27E-03,+3.28894E+00
+19.72500E+00,+153.27E-03,+3.26884E+00
+19.75000E+00,+153.27E-03,+3.28894E+00
+19.77500E+00,+173.37E-03,+3.26884E+00
+19.80000E+00,+133.17E-03,+3.26884E+00
+19.82500E+00,+153.27E-03,+3.28894E+00
+19.85000E+00,+133.17E-03,+3.26884E+00
+19.87500E+00,+173.37E-03,+3.26884E+00
+19.90000E+00,+133.17E-03,+3.26884E+00
+19.92500E+00,+153.27E-03,+3.28894E+00
+19.95000E+00,+133.17E-03,+3.28894E+00
+19.97500E+00,+153.27E-03,+3.28894E+00
+20.00000E+00,+153.27E-03,+3.26884E+00
+20.02500E+00,+153.27E-03,+3.26884E+00
+20.05000E+00,+153.27E-03,+3.26884E+00
+20.07500E+00,+133.17E-03,+3.26884E+00
+20.10000E+00,+153.27E-03,+3.28894E+00
+20.12500E+00,+133.17E-03,+3.26884E+00
+20.15000E+00,+133.17E-03,+3.26884E+00
+20.17500E+00,+153.27E-03,+3.26884E+00
+20.20000E+00,+153.27E-03,+3.26884E+00
+20.22500E+00,+133.17E-03,+3.28894E+00
+20.25000E+00,+173.37E-03,+3.26884E+00
+20.27500E+00,+173.37E-03,+3.28894E+00
+20.30000E+00,+133.17E-03,+3.28894E+00
+20.32500E+00,+153.27E-03,+3.28894E+00
+20.35000E+00,+133.17E-03,+3.26884E+00
+20.37500E+00,+153.27E-03,+3.26884E+00
+20.40000E+00,+153.27E-03,+3.24874E+00
+20.42500E+00,+133.17E-03,+3.26884E+00
+20.45000E+00,+133.17E-03,+3.30905E+00
+20.47500E+00,+133.17E-03,+3.26884E+00
+20.50000E+00,+153.27E-03,+3.26884E+00
+20.52500E+00,+133.17E-03,+3.28894E+00
+20.55000E+00,+153.27E-03,+3.26884E+00
+20.57500E+00,+153.27E-03,+3.26884E+00
+20.60000E+00,+133.17E-03,+3.26884E+00
+20.62500E+00,+133.17E-03,+3.26884E+00
+20.65000E+00,+153.27E-03,+3.26884E+00
+20.67500E+00,+133.17E-03,+3.26884E+00
+20.70000E+00,+133.17E-03,+3.26884E+00
+20.72500E+00,+113.07E-03,+3.26884E+00
+20.75000E+00,+153.27E-03,+3.26884E+00
+20.77500E+00,+153.27E-03,+3.28894E+00
+20.80000E+00,+133.17E-03,+3.28894E+00
+20.82500E+00,+133.17E-03,+3.24874E+00
+20.85000E+00,+113.07E-03,+3.26884E+00
+20.87500E+00,+153.27E-03,+3.26884E+00
+20.90000E+00,+153.27E-03,+3.26884E+00
+20.92500E+00,+133.17E-03,+3.28894E+00
+20.95000E+00,+133.17E-03,+3.26884E+00
+20.97500E+00,+133.17E-03,+3.26884E+00
+21.00000E+00,+153.27E-03,+3.26884E+00
+21.02500E+00,+133.17E-03,+3.26884E+00
+21.05000E+00,+133.17E-03,+3.26884E+00
+21.07500E+00,+113.07E-03,+3.28894E+00
+21.10000E+00,+133.17E-03,+3.24874E+00
+21.12500E+00,+133.17E-03,+3.26884E+00
+21.15000E+00,+113.07E-03,+3.28894E+00
+21.17500E+00,+113.07E-03,+3.28894E+00
+21.20000E+00,+133.17E-03,+3.26884E+00
+21.22500E+00,+113.07E-03,+3.26884E+00
+21.25000E+00,+133.17E-03,+3.28894E+00
+21.27500E+00,+133.17E-03,+3.26884E+00
+21.30000E+00,+153.27E-03,+3.28894E+00
+21.32500E+00,+113.07E-03,+3.26884E+00
+21.35000E+00,+133.17E-03,+3.26884E+00
+21.37500E+00,+133.17E-03,+3.26884E+00
+21.40000E+00,+133.17E-03,+3.28894E+00
+21.42500E+00,+113.07E-03,+3.26884E+00
+21.45000E+00,+133.17E-03,+3.28894E+00
+21.47500E+00,+133.17E-03,+3.26884E+00
+21.50000E+00,+133.17E-03,+3.28894E+00
+21.52500E+00,+133.17E-03,+3.26884E+00
+21.55000E+00,+113.07E-03,+3.26884E+00
+21.57500E+00,+153.27E-03,+3.26884E+00
+21.60000E+00,+133.17E-03,+3.24874E+00
+21.62500E+00,+113.07E-03,+3.26884E+00
+21.65000E+00,+113.07E-03,+3.26884E+00
+21.67500E+00,+133.17E-03,+3.26884E+00
+21.70000E+00,+133.17E-03,+3.26884E+00
+21.72500E+00,+113.07E-03,+3.28894E+00
+21.75000E+00,+133.17E-03,+3.26884E+00
+21.77500E+00,+133.17E-03,+3.26884E+00
+21.80000E+00,+133.17E-03,+3.28894E+00
+21.82500E+00,+113.07E-03,+3.28894E+00
+21.85000E+00,+113.07E-03,+3.28894E+00
+21.87500E+00,+133.17E-03,+3.26884E+00
+21.90000E+00,+113.07E-03,+3.26884E+00
+21.92500E+00,+113.07E-03,+3.28894E+00
+21.95000E+00,+133.17E-03,+3.28894E+00
+21.97500E+00,+113.07E-03,+3.26884E+00
+22.00000E+00,+133.17E-03,+3.26884E+00
+22.02500E+00,+113.07E-03,+3.24874E+00
+22.05000E+00,+113.07E-03,+3.26884E+00
+22.07500E+00,+113.07E-03,+3.28894E+00
+22.10000E+00,+133.17E-03,+3.26884E+00
+22.12500E+00,+113.07E-03,+3.26884E+00
+22.15000E+00,+113.07E-03,+3.26884E+00
+22.17500E+00,+113.07E-03,+3.26884E+00
+22.20000E+00,+92.96E-03,+3.24874E+00
+22.22500E+00,+92.96E-03,+3.26884E+00
+22.25000E+00,+92.96E-03,+3.28894E+00
+22.27500E+00,+113.07E-03,+3.28894E+00
+22.30000E+00,+92.96E-03,+3.28894E+00
+22.32500E+00,+113.07E-03,+3.24874E+00
+22.35000E+00,+113.07E-03,+3.28894E+00
+22.37500E+00,+113.07E-03,+3.26884E+00
+22.40000E+00,+113.07E-03,+3.28894E+00
+22.42500E+00,+133.17E-03,+3.26884E+00
+22.45000E+00,+113.07E-03,+3.24874E+00
+22.47500E+00,+113.07E-03,+3.26884E+00
+22.50000E+00,+92.96E-03,+3.28894E+00
+22.52500E+00,+133.17E-03,+3.24874E+00
+22.55000E+00,+92.96E-03,+3.28894E+00
+22.57500E+00,+113.07E-03,+3.26884E+00
+22.60000E+00,+113.07E-03,+3.26884E+00
+22.62500E+00,+113.07E-03,+3.24874E+00
+22.65000E+00,+113.07E-03,+3.26884E+00
+22.67500E+00,+113.07E-03,+3.26884E+00
+22.70000E+00,+92.96E-03,+3.26884E+00
+22.72500E+00,+113.07E-03,+3.26884E+00
+22.75000E+00,+113.07E-03,+3.26884E+00
+22.77500E+00,+113.07E-03,+3.26884E+00
+22.80000E+00,+113.07E-03,+3.26884E+00
+22.82500E+00,+113.07E-03,+3.26884E+00
+22.85000E+00,+113.07E-03,+3.28894E+00
+22.87500E+00,+113.07E-03,+3.26884E+00
+22.90000E+00,+92.96E-03,+3.26884E+00
+22.92500E+00,+113.07E-03,+3.26884E+00
+22.95000E+00,+113.07E-03,+3.28894E+00
+22.97500E+00,+92.96E-03,+3.26884E+00
+23.00000E+00,+92.96E-03,+3.26884E+00
+23.02500E+00,+113.07E-03,+3.26884E+00
+23.05000E+00,+92.96E-03,+3.26884E+00
+23.07500E+00,+113.07E-03,+3.26884E+00
+23.10000E+00,+92.96E-03,+3.26884E+00
+23.12500E+00,+113.07E-03,+3.26884E+00
+23.15000E+00,+113.07E-03,+3.26884E+00
+23.17500E+00,+92.96E-03,+3.24874E+00
+23.20000E+00,+113.07E-03,+3.28894E+00
+23.22500E+00,+92.96E-03,+3.26884E+00
+23.25000E+00,+92.96E-03,+3.26884E+00
+23.27500E+00,+92.96E-03,+3.28894E+00
+23.30000E+00,+92.96E-03,+3.26884E+00
+23.32500E+00,+92.96E-03,+3.26884E+00
+23.35000E+00,+113.07E-03,+3.26884E+00
+23.37500E+00,+113.07E-03,+3.26884E+00
+23.40000E+00,+113.07E-03,+3.28894E+00
+23.42500E+00,+113.07E-03,+3.26884E+00
+23.45000E+00,+92.96E-03,+3.26884E+00
+23.47500E+00,+92.96E-03,+3.26884E+00
+23.50000E+00,+113.07E-03,+3.24874E+00
+23.52500E+00,+92.96E-03,+3.26884E+00
+23.55000E+00,+92.96E-03,+3.28894E+00
+23.57500E+00,+113.07E-03,+3.26884E+00
+23.60000E+00,+113.07E-03,+3.28894E+00
+23.62500E+00,+92.96E-03,+3.26884E+00
+23.65000E+00,+113.07E-03,+3.28894E+00
+23.67500E+00,+92.96E-03,+3.24874E+00
+23.70000E+00,+92.96E-03,+3.26884E+00
+23.72500E+00,+92.96E-03,+3.28894E+00
+23.75000E+00,+92.96E-03,+3.26884E+00
+23.77500E+00,+113.07E-03,+3.26884E+00
+23.80000E+00,+92.96E-03,+3.28894E+00
+23.82500E+00,+92.96E-03,+3.26884E+00
+23.85000E+00,+72.86E-03,+3.24874E+00
+23.87500E+00,+72.86E-03,+3.28894E+00
+23.90000E+00,+92.96E-03,+3.26884E+00
+23.92500E+00,+92.96E-03,+3.26884E+00
+23.95000E+00,+92.96E-03,+3.28894E+00
+23.97500E+00,+92.96E-03,+3.26884E+00
+24.00000E+00,+113.07E-03,+3.26884E+00
+24.02500E+00,+92.96E-03,+3.26884E+00
+24.05000E+00,+92.96E-03,+3.28894E+00
+24.07500E+00,+92.96E-03,+3.26884E+00
+24.10000E+00,+92.96E-03,+3.28894E+00
+24.12500E+00,+92.96E-03,+3.26884E+00
+24.15000E+00,+92.96E-03,+3.24874E+00
+24.17500E+00,+92.96E-03,+3.28894E+00
+24.20000E+00,+72.86E-03,+3.26884E+00
+24.22500E+00,+92.96E-03,+3.26884E+00
+24.25000E+00,+92.96E-03,+3.24874E+00
+24.27500E+00,+92.96E-03,+3.26884E+00
+24.30000E+00,+92.96E-03,+3.28894E+00
+24.32500E+00,+72.86E-03,+3.28894E+00
+24.35000E+00,+92.96E-03,+3.28894E+00
+24.37500E+00,+113.07E-03,+3.28894E+00
+24.40000E+00,+92.96E-03,+3.26884E+00
+24.42500E+00,+92.96E-03,+3.26884E+00
+24.45000E+00,+92.96E-03,+3.28894E+00
+24.47500E+00,+92.96E-03,+3.28894E+00
+24.50000E+00,+72.86E-03,+3.28894E+00
+24.52500E+00,+92.96E-03,+3.28894E+00
+24.55000E+00,+92.96E-03,+3.26884E+00
+24.57500E+00,+72.86E-03,+3.26884E+00
+24.60000E+00,+72.86E-03,+3.26884E+00
+24.62500E+00,+92.96E-03,+3.28894E+00
+24.65000E+00,+72.86E-03,+3.28894E+00
+24.67500E+00,+92.96E-03,+3.26884E+00
+24.70000E+00,+92.96E-03,+3.28894E+00
+24.72500E+00,+72.86E-03,+3.26884E+00
+24.75000E+00,+92.96E-03,+3.28894E+00
+24.77500E+00,+92.96E-03,+3.26884E+00
+24.80000E+00,+72.86E-03,+3.26884E+00
+24.82500E+00,+72.86E-03,+3.28894E+00
+24.85000E+00,+92.96E-03,+3.26884E+00
+24.87500E+00,+92.96E-03,+3.28894E+00
+24.90000E+00,+92.96E-03,+3.26884E+00
+24.92500E+00,+92.96E-03,+3.26884E+00
+24.95000E+00,+72.86E-03,+3.24874E+00
+24.97500E+00,+72.86E-03,+3.26884E+00
+25.00000E+00,+72.86E-03,+3.28894E+00
+25.02500E+00,+72.86E-03,+3.28894E+00
+25.05000E+00,+72.86E-03,+3.26884E+00
+25.07500E+00,+72.86E-03,+3.26884E+00
+25.10000E+00,+72.86E-03,+3.26884E+00
+25.12500E+00,+72.86E-03,+3.28894E+00
+25.15000E+00,+92.96E-03,+3.26884E+00
+25.17500E+00,+72.86E-03,+3.28894E+00
+25.20000E+00,+113.07E-03,+3.24874E+00
+25.22500E+00,+72.86E-03,+3.26884E+00
+25.25000E+00,+92.96E-03,+3.26884E+00
+25.27500E+00,+92.96E-03,+3.28894E+00
+25.30000E+00,+72.86E-03,+3.26884E+00
+25.32500E+00,+72.86E-03,+3.28894E+00
+25.35000E+00,+92.96E-03,+3.24874E+00
+25.37500E+00,+72.86E-03,+3.26884E+00
+25.40000E+00,+92.96E-03,+3.24874E+00
+25.42500E+00,+72.86E-03,+3.26884E+00
+25.45000E+00,+72.86E-03,+3.28894E+00
+25.47500E+00,+92.96E-03,+3.26884E+00
+25.50000E+00,+92.96E-03,+3.26884E+00
+25.52500E+00,+72.86E-03,+3.28894E+00
+25.55000E+00,+92.96E-03,+3.26884E+00
+25.57500E+00,+92.96E-03,+3.26884E+00
+25.60000E+00,+72.86E-03,+3.26884E+00
+25.62500E+00,+72.86E-03,+3.26884E+00
+25.65000E+00,+92.96E-03,+3.26884E+00
+25.67500E+00,+72.86E-03,+3.26884E+00
+25.70000E+00,+92.96E-03,+3.28894E+00
+25.72500E+00,+72.86E-03,+3.26884E+00
+25.75000E+00,+72.86E-03,+3.26884E+00
+25.77500E+00,+72.86E-03,+3.26884E+00
+25.80000E+00,+72.86E-03,+3.28894E+00
+25.82500E+00,+72.86E-03,+3.26884E+00
+25.85000E+00,+72.86E-03,+3.24874E+00
+25.87500E+00,+92.96E-03,+3.28894E+00
+25.90000E+00,+72.86E-03,+3.26884E+00
+25.92500E+00,+72.86E-03,+3.26884E+00
+25.95000E+00,+52.76E-03,+3.26884E+00
+25.97500E+00,+72.86E-03,+3.24874E+00
+26.00000E+00,+92.96E-03,+3.26884E+00
+26.02500E+00,+92.96E-03,+3.24874E+00
+26.05000E+00,+72.86E-03,+3.28894E+00
+26.07500E+00,+52.76E-03,+3.26884E+00
+26.10000E+00,+52.76E-03,+3.26884E+00
+26.12500E+00,+72.86E-03,+3.26884E+00
+26.15000E+00,+92.96E-03,+3.26884E+00
+26.17500E+00,+72.86E-03,+3.28894E+00
+26.20000E+00,+52.76E-03,+3.28894E+00
+26.22500E+00,+52.76E-03,+3.26884E+00
+26.25000E+00,+52.76E-03,+3.26884E+00
+26.27500E+00,+72.86E-03,+3.26884E+00
+26.30000E+00,+92.96E-03,+3.24874E+00
+26.32500E+00,+52.76E-03,+3.28894E+00
+26.35000E+00,+72.86E-03,+3.26884E+00
+26.37500E+00,+72.86E-03,+3.26884E+00
+26.40000E+00,+72.86E-03,+3.26884E+00
+26.42500E+00,+72.86E-03,+3.28894E+00
+26.45000E+00,+72.86E-03,+3.26884E+00
+26.47500E+00,+72.86E-03,+3.26884E+00
+26.50000E+00,+72.86E-03,+3.28894E+00
+26.52500E+00,+72.86E-03,+3.26884E+00
+26.55000E+00,+72.86E-03,+3.26884E+00
+26.57500E+00,+72.86E-03,+3.28894E+00
+26.60000E+00,+52.76E-03,+3.26884E+00
+26.62500E+00,+52.76E-03,+3.26884E+00
+26.65000E+00,+72.86E-03,+3.28894E+00
+26.67500E+00,+72.86E-03,+3.26884E+00
+26.70000E+00,+92.96E-03,+3.26884E+00
+26.72500E+00,+72.86E-03,+3.26884E+00
+26.75000E+00,+52.76E-03,+3.26884E+00
+26.77500E+00,+52.76E-03,+3.28894E+00
+26.80000E+00,+52.76E-03,+3.26884E+00
+26.82500E+00,+52.76E-03,+3.26884E+00
+26.85000E+00,+92.96E-03,+3.28894E+00
+26.87500E+00,+72.86E-03,+3.24874E+00
+26.90000E+00,+72.86E-03,+3.24874E+00
+26.92500E+00,+72.86E-03,+3.26884E+00
+26.95000E+00,+72.86E-03,+3.26884E+00
+26.97500E+00,+72.86E-03,+3.26884E+00
+27.00000E+00,+52.76E-03,+3.24874E+00
+27.02500E+00,+52.76E-03,+3.26884E+00
+27.05000E+00,+72.86E-03,+3.26884E+00
+27.07500E+00,+72.86E-03,+3.28894E+00
+27.10000E+00,+52.76E-03,+3.26884E+00
+27.12500E+00,+52.76E-03,+3.26884E+00
+27.15000E+00,+52.76E-03,+3.26884E+00
+27.17500E+00,+72.86E-03,+3.26884E+00
+27.20000E+00,+52.76E-03,+3.28894E+00
+27.22500E+00,+72.86E-03,+3.26884E+00
+27.25000E+00,+72.86E-03,+3.26884E+00
+27.27500E+00,+52.76E-03,+3.26884E+00
+27.30000E+00,+52.76E-03,+3.26884E+00
+27.32500E+00,+52.76E-03,+3.26884E+00
+27.35000E+00,+52.76E-03,+3.28894E+00
+27.37500E+00,+32.66E-03,+3.26884E+00
+27.40000E+00,+72.86E-03,+3.24874E+00
+27.42500E+00,+52.76E-03,+3.28894E+00
+27.45000E+00,+52.76E-03,+3.26884E+00
+27.47500E+00,+72.86E-03,+3.26884E+00
+27.50000E+00,+52.76E-03,+3.26884E+00
+27.52500E+00,+52.76E-03,+3.30905E+00
+27.55000E+00,+52.76E-03,+3.28894E+00
+27.57500E+00,+52.76E-03,+3.28894E+00
+27.60000E+00,+52.76E-03,+3.26884E+00
+27.62500E+00,+52.76E-03,+3.26884E+00
+27.65000E+00,+72.86E-03,+3.26884E+00
+27.67500E+00,+52.76E-03,+3.26884E+00
+27.70000E+00,+72.86E-03,+3.26884E+00
+27.72500E+00,+32.66E-03,+3.28894E+00
+27.75000E+00,+72.86E-03,+3.28894E+00
+27.77500E+00,+52.76E-03,+3.28894E+00
+27.80000E+00,+52.76E-03,+3.28894E+00
+27.82500E+00,+72.86E-03,+3.26884E+00
+27.85000E+00,+52.76E-03,+3.28894E+00
+27.87500E+00,+52.76E-03,+3.28894E+00
+27.90000E+00,+52.76E-03,+3.26884E+00
+27.92500E+00,+32.66E-03,+3.26884E+00
+27.95000E+00,+52.76E-03,+3.28894E+00
+27.97500E+00,+52.76E-03,+3.26884E+00
+28.00000E+00,+52.76E-03,+3.28894E+00
+28.02500E+00,+72.86E-03,+3.26884E+00
+28.05000E+00,+32.66E-03,+3.26884E+00
+28.07500E+00,+52.76E-03,+3.26884E+00
+28.10000E+00,+32.66E-03,+3.26884E+00
+28.12500E+00,+52.76E-03,+3.26884E+00
+28.15000E+00,+52.76E-03,+3.28894E+00
+28.17500E+00,+52.76E-03,+3.26884E+00
+28.20000E+00,+52.76E-03,+3.26884E+00
+28.22500E+00,+52.76E-03,+3.26884E+00
+28.25000E+00,+72.86E-03,+3.26884E+00
+28.27500E+00,+72.86E-03,+3.26884E+00
+28.30000E+00,+52.76E-03,+3.26884E+00
+28.32500E+00,+52.76E-03,+3.26884E+00
+28.35000E+00,+52.76E-03,+3.26884E+00
+28.37500E+00,+52.76E-03,+3.26884E+00
+28.40000E+00,+52.76E-03,+3.24874E+00
+28.42500E+00,+52.76E-03,+3.26884E+00
+28.45000E+00,+52.76E-03,+3.28894E+00
+28.47500E+00,+52.76E-03,+3.26884E+00
+28.50000E+00,+32.66E-03,+3.26884E+00
+28.52500E+00,+52.76E-03,+3.26884E+00
+28.55000E+00,+52.76E-03,+3.28894E+00
+28.57500E+00,+52.76E-03,+3.26884E+00
+28.60000E+00,+32.66E-03,+3.28894E+00
+28.62500E+00,+52.76E-03,+3.28894E+00
+28.65000E+00,+52.76E-03,+3.24874E+00
+28.67500E+00,+52.76E-03,+3.28894E+00
+28.70000E+00,+52.76E-03,+3.26884E+00
+28.72500E+00,+52.76E-03,+3.26884E+00
+28.75000E+00,+52.76E-03,+3.26884E+00
+28.77500E+00,+52.76E-03,+3.26884E+00
+28.80000E+00,+52.76E-03,+3.28894E+00
+28.82500E+00,+72.86E-03,+3.26884E+00
+28.85000E+00,+52.76E-03,+3.26884E+00
+28.87500E+00,+52.76E-03,+3.26884E+00
+28.90000E+00,+52.76E-03,+3.24874E+00
+28.92500E+00,+52.76E-03,+3.24874E+00
+28.95000E+00,+32.66E-03,+3.24874E+00
+28.97500E+00,+32.66E-03,+3.26884E+00
+29.00000E+00,+32.66E-03,+3.24874E+00
+29.02500E+00,+52.76E-03,+3.26884E+00
+29.05000E+00,+52.76E-03,+3.26884E+00
+29.07500E+00,+32.66E-03,+3.26884E+00
+29.10000E+00,+52.76E-03,+3.26884E+00
+29.12500E+00,+52.76E-03,+3.24874E+00
+29.15000E+00,+52.76E-03,+3.24874E+00
+29.17500E+00,+32.66E-03,+3.26884E+00
+29.20000E+00,+52.76E-03,+3.26884E+00
+29.22500E+00,+32.66E-03,+3.28894E+00
+29.25000E+00,+72.86E-03,+3.26884E+00
+29.27500E+00,+52.76E-03,+3.26884E+00
+29.30000E+00,+32.66E-03,+3.28894E+00
+29.32500E+00,+52.76E-03,+3.26884E+00
+29.35000E+00,+32.66E-03,+3.26884E+00
+29.37500E+00,+52.76E-03,+3.26884E+00
+29.40000E+00,+52.76E-03,+3.24874E+00
+29.42500E+00,+32.66E-03,+3.28894E+00
+29.45000E+00,+32.66E-03,+3.26884E+00
+29.47500E+00,+52.76E-03,+3.26884E+00
+29.50000E+00,+52.76E-03,+3.26884E+00
+29.52500E+00,+32.66E-03,+3.24874E+00
+29.55000E+00,+52.76E-03,+3.26884E+00
+29.57500E+00,+32.66E-03,+3.28894E+00
+29.60000E+00,+52.76E-03,+3.26884E+00
+29.62500E+00,+52.76E-03,+3.26884E+00
+29.65000E+00,+52.76E-03,+3.26884E+00
+29.67500E+00,+32.66E-03,+3.28894E+00
+29.70000E+00,+52.76E-03,+3.28894E+00
+29.72500E+00,+32.66E-03,+3.28894E+00
+29.75000E+00,+32.66E-03,+3.28894E+00
+29.77500E+00,+32.66E-03,+3.24874E+00
+29.80000E+00,+52.76E-03,+3.24874E+00
+29.82500E+00,+52.76E-03,+3.28894E+00
+29.85000E+00,+32.66E-03,+3.26884E+00
+29.87500E+00,+32.66E-03,+3.28894E+00
+29.90000E+00,+32.66E-03,+3.28894E+00
+29.92500E+00,+52.76E-03,+3.28894E+00
+29.95000E+00,+32.66E-03,+3.26884E+00
+29.97500E+00,+32.66E-03,+3.26884E+00
+30.00000E+00,+32.66E-03,+3.26884E+00
+30.02500E+00,+52.76E-03,+3.26884E+00
+30.05000E+00,+52.76E-03,+3.26884E+00
+30.07500E+00,+52.76E-03,+3.26884E+00
+30.10000E+00,+32.66E-03,+3.26884E+00
+30.12500E+00,+72.86E-03,+3.28894E+00
+30.15000E+00,+32.66E-03,+3.26884E+00
+30.17500E+00,+32.66E-03,+3.28894E+00
+30.20000E+00,+52.76E-03,+3.26884E+00
+30.22500E+00,+32.66E-03,+3.28894E+00
+30.25000E+00,+12.56E-03,+3.26884E+00
+30.27500E+00,+32.66E-03,+3.28894E+00
+30.30000E+00,+32.66E-03,+3.28894E+00
+30.32500E+00,+52.76E-03,+3.28894E+00
+30.35000E+00,+52.76E-03,+3.26884E+00
+30.37500E+00,+32.66E-03,+3.26884E+00
+30.40000E+00,+32.66E-03,+3.26884E+00
+30.42500E+00,+52.76E-03,+3.26884E+00
+30.45000E+00,+32.66E-03,+3.28894E+00
+30.47500E+00,+32.66E-03,+3.26884E+00
+30.50000E+00,+32.66E-03,+3.26884E+00
+30.52500E+00,+32.66E-03,+3.24874E+00
+30.55000E+00,+32.66E-03,+3.26884E+00
+30.57500E+00,+32.66E-03,+3.24874E+00
+30.60000E+00,+52.76E-03,+3.26884E+00
+30.62500E+00,+52.76E-03,+3.28894E+00
+30.65000E+00,+32.66E-03,+3.28894E+00
+30.67500E+00,+32.66E-03,+3.26884E+00
+30.70000E+00,+12.56E-03,+3.26884E+00
+30.72500E+00,+32.66E-03,+3.28894E+00
+30.75000E+00,+32.66E-03,+3.26884E+00
+30.77500E+00,+32.66E-03,+3.26884E+00
+30.80000E+00,+32.66E-03,+3.26884E+00
+30.82500E+00,+32.66E-03,+3.26884E+00
+30.85000E+00,+32.66E-03,+3.26884E+00
+30.87500E+00,+32.66E-03,+3.28894E+00
+30.90000E+00,+32.66E-03,+3.26884E+00
+30.92500E+00,+32.66E-03,+3.24874E+00
+30.95000E+00,+32.66E-03,+3.26884E+00
+30.97500E+00,+32.66E-03,+3.26884E+00
+31.00000E+00,+32.66E-03,+3.26884E+00
+31.02500E+00,+32.66E-03,+3.28894E+00
+31.05000E+00,+32.66E-03,+3.24874E+00
+31.07500E+00,+32.66E-03,+3.26884E+00
+31.10000E+00,+52.76E-03,+3.28894E+00
+31.12500E+00,+32.66E-03,+3.28894E+00
+31.15000E+00,+32.66E-03,+3.28894E+00
+31.17500E+00,+32.66E-03,+3.28894E+00
+31.20000E+00,+32.66E-03,+3.24874E+00
+31.22500E+00,+12.56E-03,+3.26884E+00
+31.25000E+00,+32.66E-03,+3.26884E+00
+31.27500E+00,+52.76E-03,+3.26884E+00
+31.30000E+00,+32.66E-03,+3.26884E+00
+31.32500E+00,+32.66E-03,+3.28894E+00
+31.35000E+00,+32.66E-03,+3.26884E+00
+31.37500E+00,+32.66E-03,+3.26884E+00
+31.40000E+00,+12.56E-03,+3.26884E+00
+31.42500E+00,+52.76E-03,+3.26884E+00
+31.45000E+00,+32.66E-03,+3.26884E+00
+31.47500E+00,+52.76E-03,+3.28894E+00
+31.50000E+00,+32.66E-03,+3.28894E+00
+31.52500E+00,+12.56E-03,+3.26884E+00
+31.55000E+00,+12.56E-03,+3.26884E+00
+31.57500E+00,+52.76E-03,+3.26884E+00
+31.60000E+00,+32.66E-03,+3.24874E+00
+31.62500E+00,+32.66E-03,+3.26884E+00
+31.65000E+00,+12.56E-03,+3.26884E+00
+31.67500E+00,+12.56E-03,+3.26884E+00
+31.70000E+00,+32.66E-03,+3.28894E+00
+31.72500E+00,+32.66E-03,+3.26884E+00
+31.75000E+00,+32.66E-03,+3.26884E+00
+31.77500E+00,+32.66E-03,+3.26884E+00
+31.80000E+00,+32.66E-03,+3.26884E+00
+31.82500E+00,+52.76E-03,+3.26884E+00
+31.85000E+00,+12.56E-03,+3.26884E+00
+31.87500E+00,+32.66E-03,+3.26884E+00
+31.90000E+00,+12.56E-03,+3.26884E+00
+31.92500E+00,+32.66E-03,+3.26884E+00
+31.95000E+00,+32.66E-03,+3.28894E+00
+31.97500E+00,+32.66E-03,+3.26884E+00
+32.00000E+00,+32.66E-03,+3.28894E+00
+32.02500E+00,+32.66E-03,+3.28894E+00
+32.05000E+00,+32.66E-03,+3.28894E+00
+32.07500E+00,+32.66E-03,+3.26884E+00
+32.10000E+00,+32.66E-03,+3.28894E+00
+32.12500E+00,+12.56E-03,+3.26884E+00
+32.15000E+00,+12.56E-03,+3.26884E+00
+32.17500E+00,+32.66E-03,+3.26884E+00
+32.20000E+00,+32.66E-03,+3.26884E+00
+32.22500E+00,+12.56E-03,+3.26884E+00
+32.25000E+00,+12.56E-03,+3.26884E+00
+32.27500E+00,+32.66E-03,+3.28894E+00
+32.30000E+00,+32.66E-03,+3.24874E+00
+32.32500E+00,+32.66E-03,+3.26884E+00
+32.35000E+00,+32.66E-03,+3.26884E+00
+32.37500E+00,+12.56E-03,+3.28894E+00
+32.40000E+00,+32.66E-03,+3.26884E+00
+32.42500E+00,+32.66E-03,+3.28894E+00
+32.45000E+00,+32.66E-03,+3.26884E+00
+32.47500E+00,+12.56E-03,+3.26884E+00
+32.50000E+00,+52.76E-03,+3.28894E+00
+32.52500E+00,+32.66E-03,+3.26884E+00
+32.55000E+00,+12.56E-03,+3.30905E+00
+32.57500E+00,+32.66E-03,+3.26884E+00
+32.60000E+00,+12.56E-03,+3.28894E+00
+32.62500E+00,+32.66E-03,+3.28894E+00
+32.65000E+00,+32.66E-03,+3.28894E+00
+32.67500E+00,+32.66E-03,+3.26884E+00
+32.70000E+00,+12.56E-03,+3.28894E+00
+32.72500E+00,+32.66E-03,+3.28894E+00
+32.75000E+00,+32.66E-03,+3.28894E+00
+32.77500E+00,+12.56E-03,+3.26884E+00
+32.80000E+00,+32.66E-03,+3.26884E+00
+32.82500E+00,+32.66E-03,+3.28894E+00
+32.85000E+00,+32.66E-03,+3.28894E+00
+32.87500E+00,+32.66E-03,+3.26884E+00
+32.90000E+00,+32.66E-03,+3.26884E+00
+32.92500E+00,+32.66E-03,+3.26884E+00
+32.95000E+00,+12.56E-03,+3.26884E+00
+32.97500E+00,+12.56E-03,+3.26884E+00
+33.00000E+00,+12.56E-03,+3.26884E+00
+33.02500E+00,+32.66E-03,+3.26884E+00
+33.05000E+00,+32.66E-03,+3.26884E+00
+33.07500E+00,+32.66E-03,+3.24874E+00
+33.10000E+00,+12.56E-03,+3.28894E+00
+33.12500E+00,+12.56E-03,+3.26884E+00
+33.15000E+00,+32.66E-03,+3.26884E+00
+33.17500E+00,+12.56E-03,+3.28894E+00
+33.20000E+00,+32.66E-03,+3.26884E+00
+33.22500E+00,+12.56E-03,+3.26884E+00
+33.25000E+00,+32.66E-03,+3.28894E+00
+33.27500E+00,+12.56E-03,+3.26884E+00
+33.30000E+00,+12.56E-03,+3.26884E+00
+33.32500E+00,+32.66E-03,+3.24874E+00
+33.35000E+00,+12.56E-03,+3.26884E+00
+33.37500E+00,+32.66E-03,+3.26884E+00
+33.40000E+00,+32.66E-03,+3.28894E+00
+33.42500E+00,+32.66E-03,+3.28894E+00
+33.45000E+00,+32.66E-03,+3.26884E+00
+33.47500E+00,+12.56E-03,+3.26884E+00
+33.50000E+00,+32.66E-03,+3.28894E+00
+33.52500E+00,+32.66E-03,+3.24874E+00
+33.55000E+00,+32.66E-03,+3.28894E+00
+33.57500E+00,+32.66E-03,+3.26884E+00
+33.60000E+00,+12.56E-03,+3.26884E+00
+33.62500E+00,+32.66E-03,+3.26884E+00
+33.65000E+00,+32.66E-03,+3.26884E+00
+33.67500E+00,+32.66E-03,+3.26884E+00
+33.70000E+00,+32.66E-03,+3.26884E+00
+33.72500E+00,+32.66E-03,+3.26884E+00
+33.75000E+00,+12.56E-03,+3.26884E+00
+33.77500E+00,+12.56E-03,+3.26884E+00
+33.80000E+00,+12.56E-03,+3.26884E+00
+33.82500E+00,+32.66E-03,+3.26884E+00
+33.85000E+00,+32.66E-03,+3.26884E+00
+33.87500E+00,+32.66E-03,+3.28894E+00
+33.90000E+00,+12.56E-03,+3.26884E+00
+33.92500E+00,+12.56E-03,+3.26884E+00
+33.95000E+00,+12.56E-03,+3.26884E+00
+33.97500E+00,+12.56E-03,+3.24874E+00
+34.00000E+00,+12.56E-03,+3.26884E+00
+34.02500E+00,+12.56E-03,+3.26884E+00
+34.05000E+00,+12.56E-03,+3.26884E+00
+34.07500E+00,+12.56E-03,+3.26884E+00
+34.10000E+00,+32.66E-03,+3.28894E+00
+34.12500E+00,+12.56E-03,+3.26884E+00
+34.15000E+00,+12.56E-03,+3.26884E+00
+34.17500E+00,+32.66E-03,+3.28894E+00
+34.20000E+00,+12.56E-03,+3.26884E+00
+34.22500E+00,+32.66E-03,+3.28894E+00
+34.25000E+00,+32.66E-03,+3.28894E+00
+34.27500E+00,+12.56E-03,+3.26884E+00
+34.30000E+00,+12.56E-03,+3.26884E+00
+34.32500E+00,+12.56E-03,+3.28894E+00
+34.35000E+00,+32.66E-03,+3.24874E+00
+34.37500E+00,+32.66E-03,+3.26884E+00
+34.40000E+00,+32.66E-03,+3.28894E+00
+34.42500E+00,+12.56E-03,+3.24874E+00
+34.45000E+00,+32.66E-03,+3.26884E+00
+34.47500E+00,+32.66E-03,+3.26884E+00
+34.50000E+00,+12.56E-03,+3.26884E+00
+34.52500E+00,+32.66E-03,+3.26884E+00
+34.55000E+00,+32.66E-03,+3.24874E+00
+34.57500E+00,+32.66E-03,+3.26884E+00
+34.60000E+00,+12.56E-03,+3.26884E+00
+34.62500E+00,+12.56E-03,+3.26884E+00
+34.65000E+00,+12.56E-03,+3.28894E+00
+34.67500E+00,+12.56E-03,+3.26884E+00
+34.70000E+00,+12.56E-03,+3.26884E+00
+34.72500E+00,+32.66E-03,+3.26884E+00
+34.75000E+00,+12.56E-03,+3.26884E+00
+34.77500E+00,+12.56E-03,+3.26884E+00
+34.80000E+00,+32.66E-03,+3.26884E+00
+34.82500E+00,+32.66E-03,+3.28894E+00
+34.85000E+00,+32.66E-03,+3.26884E+00
+34.87500E+00,+12.56E-03,+3.26884E+00
+34.90000E+00,+12.56E-03,+3.26884E+00
+34.92500E+00,-7.54E-03,+3.26884E+00
+34.95000E+00,+32.66E-03,+3.28894E+00
+34.97500E+00,+32.66E-03,+3.26884E+00
