time,V(boot0_mos),V(boot0_mos_adapted),V(nrst_mos),V(nrst_mos_adapted)
0,0.00000001963824,0.00000002142422,3.3,3.28
1.0215,0.00000001963824,0.00000002142422,3.3,3.28
2.04549999999989,0.00000001963824,0.00000002142422,3.3,3.28
2.835,0.00000001963824,0.00000002142422,3.3,3.28
2.83500000059848,0.00000001963824,0.00000002142422,3.3,3.28
2.83500000059877,0.00000001963847,0.00000002142454,3.3,3.28
2.83500000059906,0.00000001963874,0.00000002142494,3.3,3.28
2.83500000059939,0.00000001963905,0.00000002142539,3.3,3.28
2.83500000059983,0.00000001963949,0.00000002142602,3.3,3.28
2.8350000006005,0.00000001964016,0.00000002142699,3.3,3.28
2.83500000060163,0.00000001964129,0.00000002142862,3.3,3.28
2.8350000006031,0.00000001964276,0.00000002143073,3.3,3.28
2.83500000060501,0.00000001964467,0.00000002143349,3.3,3.28
2.83500000060734,0.000000019647,0.00000002143685,3.3,3.28
2.83500000061028,0.00000001964994,0.00000002144108,3.3,3.28
2.83500000061367,0.00000001965332,0.00000002144597,3.3,3.28
2.83500000061801,0.00000001965767,0.00000002145224,3.3,3.28
2.8350000006233,0.00000001966296,0.00000002145986,3.3,3.28
2.83500000063021,0.00000001966987,0.00000002146983,3.3,3.28
2.83500000063916,0.00000001967882,0.00000002148272,3.3,3.28
2.83500000065158,0.00000001969124,0.00000002150064,3.3,3.28
2.83500000066956,0.00000001970921,0.00000002152654,3.300001,3.28
2.83500000069877,0.00000001973842,0.00000002156866,3.300002,3.28
2.83500000075443,0.00000001979408,0.0000000216489,3.300004,3.28
2.83500000086575,0.00000001990538,0.00000002180937,3.30001,3.280001
2.835000001,0.00000002003959,0.00000002200288,3.300022,3.280002
2.8350000010499,0.00000002008948,0.0000000220748,3.300027,3.280002
2.83500000111643,0.00000002015599,0.00000002217069,3.300035,3.280003
2.8350000012495,0.000000020289,0.00000002236246,3.300053,3.280005
2.83500000151564,0.00000002055497,0.00000002274595,3.3001,3.280009
2.83500000204792,0.00000002108676,0.00000002351271,3.300231,3.280021
2.83500000311247,0.00000002214971,0.00000002504536,3.300617,3.280054
2.8350000043539,0.00000002338818,0.00000002683121,3.301229,3.280102
2.83500000593218,0.00000002496105,0.00000002909939,3.302181,3.280167
2.8350000071005,0.00000002612415,0.00000003077676,3.302974,3.280204
2.83500000864932,0.00000002766448,0.00000003299831,3.304094,3.280216
2.8350000099296,0.0000000289364,0.00000003483283,3.305057,3.280185
2.83500001120846,0.00000003020569,0.00000003666362,3.306035,3.280117
2.83500001267524,0.00000003166,0.00000003876137,3.307164,3.279996
2.8350000140989,0.00000003307004,0.00000004079533,3.308259,3.27984
2.83500001600318,0.00000003495376,0.00000004351264,3.309712,3.279582
2.83500001869254,0.00000003760956,0.00000004734382,3.311728,3.279133
2.83500002176801,0.00000004064016,0.00000005171585,3.31397,3.278512
2.8350000252496,0.00000004406268,0.00000005665345,3.316421,3.277682
2.83500002724762,0.00000004602284,0.0000000594814,3.317785,3.277149
2.83500002819114,0.00000004694747,0.00000006081542,3.318419,3.276884
2.83500002937066,0.00000004810248,0.00000006248181,3.319201,3.276545
2.83500003070807,0.0000000494109,0.00000006436957,3.320074,3.276152
2.8350000317972,0.00000005047548,0.00000006590554,3.320776,3.275827
2.83500003309288,0.00000005174084,0.00000006773122,3.321599,3.275437
2.83500003407439,0.0000000526986,0.00000006911311,3.322214,3.275139
2.83500003525244,0.00000005384722,0.00000007077043,3.322943,3.274781
2.8350000363219,0.00000005488911,0.00000007227376,3.323597,3.274453
2.83500003768956,0.00000005622035,0.00000007419464,3.32442,3.274033
2.83500003917464,0.00000005766438,0.00000007627833,3.325299,3.273575
2.83500004144739,0.0000000598713,0.00000007946297,3.326609,3.272872
2.83500004492543,0.00000006324161,0.00000008432675,3.328501,3.271791
2.83500004841725,0.00000006661681,0.00000008919801,3.330146,3.270703
2.83500005286345,0.00000007090233,0.00000009538379,3.331349,3.269314
2.83500005784972,0.0000000756923,0.0000001022987,3.3303,3.267753
2.8350000628565,0.00000008048497,0.0000001092186,3.32534,3.266184
2.83500006645394,0.00000008391813,0.0000001141764,3.318844,3.265056
2.83500006852891,0.00000008589439,0.0000001170305,3.313882,3.264405
2.83500006919081,0.0000000865242,0.0000001179402,3.312107,3.264197
2.83500007002449,0.00000008731703,0.0000001190853,3.309734,3.263936
2.83500007030792,0.00000008758648,0.0000001194745,3.308893,3.263847
2.83500007056682,0.00000008783255,0.0000001198299,3.308109,3.263766
2.83500007082875,0.00000008808146,0.0000001201894,3.307301,3.263684
2.83500007112,0.00000008835818,0.0000001205891,3.306384,3.263592
2.83500007140932,0.00000008863301,0.0000001209861,3.305455,3.263501
2.8350000717968,0.00000008900099,0.0000001215176,3.304183,3.26338
2.83500007218013,0.00000008936494,0.0000001220433,3.302892,3.26326
2.83500007260064,0.00000008976407,0.0000001226199,3.301439,3.263128
2.83500007306722,0.00000009020679,0.0000001232594,3.299783,3.262981
2.83500007357407,0.00000009068756,0.0000001239539,3.29793,3.262822
2.83500007421768,0.00000009129782,0.0000001248355,3.295498,3.26262
2.83500007510072,0.00000009213464,0.0000001260444,3.292019,3.262343
2.83500007623888,0.00000009321247,0.0000001276015,3.287293,3.261986
2.83500007731842,0.00000009423401,0.0000001290774,3.282563,3.261648
2.83500007847781,0.00000009533026,0.0000001306613,3.277218,3.261284
2.83500007958614,0.0000000963774,0.0000001321743,3.271856,3.260936
2.83500008089856,0.00000009761634,0.0000001339646,3.265193,3.260525
2.83500008236712,0.00000009900133,0.000000135966,3.257344,3.260064
2.83500008420722,0.0000001007348,0.0000001384711,3.246938,3.259487
2.83500008637249,0.0000001027717,0.0000001414151,3.233908,3.258808
2.83500008909576,0.0000001053293,0.000000145112,3.216369,3.257955
2.83500009242812,0.0000001084526,0.0000001496271,3.193259,3.25691
2.83500009634774,0.0000001121173,0.0000001549259,3.163923,3.255682
2.83500010100108,0.0000001164557,0.0000001611998,3.126343,3.254224
2.83500010645522,0.000000121524,0.0000001685309,3.078907,3.252517
2.83500011293965,0.0000001275268,0.0000001772159,3.018383,3.250487
2.83500012059274,0.0000001345807,0.0000001874244,2.942099,3.248094
2.83500012971332,0.0000001429462,0.0000001995341,2.845614,3.245244
2.83500014053249,0.0000001528163,0.0000002138253,2.725022,3.241866
2.83500015348425,0.0000001645643,0.0000002308386,2.57412,3.237828
2.83500016900833,0.0000001785634,0.0000002511141,2.386585,3.232993
2.83500018782411,0.000000195436,0.0000002755524,2.152793,3.227143
2.83500021070666,0.0000002158516,0.0000003051252,1.862537,3.220043
2.83500022703954,0.0000002303699,0.0000003261589,1.652724,3.214985
2.83500023239765,0.0000002351243,0.0000003330478,1.583907,3.213328
2.83500023716471,0.0000002393514,0.0000003391731,1.523274,3.211854
2.83500024347527,0.0000002449437,0.0000003472773,1.44477,3.209903
2.83500024810197,0.0000002490416,0.0000003532163,1.388826,3.208474
2.83500025496033,0.0000002551128,0.0000003620164,1.308858,3.206357
2.83500026128485,0.0000002607084,0.0000003701279,1.238441,3.204406
2.8350002681103,0.0000002667443,0.0000003788788,1.166122,3.202301
2.83500027566549,0.0000002734222,0.0000003885619,1.090514,3.199974
2.83500027954175,0.0000002768472,0.0000003935287,1.053515,3.19878
2.83500028280385,0.0000002797289,0.0000003977079,1.023303,3.197776
2.83500028601094,0.0000002825615,0.0000004018162,0.99441,3.196789
2.83500028946046,0.0000002856077,0.0000004062346,0.9642106,3.195728
2.8350002933412,0.0000002890341,0.0000004112048,0.9312996,3.194534
2.83500029692198,0.0000002921952,0.0000004157903,0.9019095,3.193433
2.83500030067219,0.0000002955053,0.0000004205923,0.8721089,3.192281
2.83500030422457,0.0000002986403,0.0000004251406,0.8447821,3.19119
2.83500030798316,0.0000003019567,0.0000004299526,0.8167986,3.190035
2.83500031176665,0.0000003052947,0.0000004347961,0.7895685,3.188874
2.83500031589551,0.0000003089369,0.0000004400813,0.7608949,3.187607
2.83500032027752,0.0000003128018,0.0000004456902,0.7316149,3.186263
2.83500032521288,0.0000003171541,0.0000004520069,0.7000062,3.184749
2.83500033070857,0.0000003219998,0.0000004590403,0.6664465,3.183065
2.83500033714246,0.0000003276717,0.0000004672737,0.6292477,3.181095
2.83500034470883,0.0000003343409,0.0000004769557,0.5882278,3.178779
2.83500035403431,0.0000003425588,0.0000004888877,0.5414563,3.175927
2.83500036565255,0.0000003527948,0.0000005037523,0.4885552,3.172378
2.83500038039817,0.0000003657828,0.0000005226166,0.4291159,3.167878
2.83500039825091,0.000000381503,0.0000005454545,0.3672492,3.16244
2.83500041864729,0.0000003994579,0.0000005715448,0.3081261,3.156238
2.83500044102191,0.0000004191484,0.0000006001645,0.2550907,3.149448
2.83500046496719,0.0000004402152,0.0000006307923,0.2095181,3.142198
2.83500048999501,0.0000004622283,0.0000006628043,0.1718061,3.134638
2.83500051637529,0.0000004854246,0.0000006965457,0.1407162,3.126689
2.83500054392029,0.0000005096383,0.0000007317766,0.1156359,3.11841
2.83500057281641,0.0000005350321,0.0000007687354,0.09554213,3.10975
2.83500060302374,0.0000005615697,0.0000008073712,0.07968592,3.100722
2.83500063475674,0.0000005894378,0.0000008479583,0.06725438,3.091266
2.83500066815125,0.000000618753,0.0000008906703,0.05760353,3.081346
2.835000703559,0.0000006498205,0.0000009359572,0.05014215,3.070863
2.83500074135146,0.0000006829611,0.0000009842942,0.04440235,3.059714
2.83500078212903,0.0000007186928,0.000001036449,0.03998652,3.047729
2.8350008266146,0.0000007576353,0.000001093346,0.0365804,3.034708
2.8350008510728,0.0000007790264,0.000001124628,0.03518038,3.027573
2.83500086243089,0.0000007889548,0.000001139155,0.03462058,3.024265
2.83500087011969,0.0000007956738,0.000001148989,0.03426754,3.022028
2.83500087710867,0.0000008017795,0.000001157928,0.03396192,3.019996
2.83500088549431,0.0000008091034,0.000001168653,0.03361217,3.01756
2.83500089321161,0.0000008158415,0.000001178523,0.03330532,3.015319
2.83500090091005,0.0000008225609,0.00000118837,0.0330125,3.013086
2.83500090907907,0.0000008296886,0.000001198818,0.03271521,3.010718
2.83500092062738,0.0000008397603,0.000001213588,0.03231646,3.007374
2.83500093297592,0.0000008505236,0.000001229382,0.03191547,3.003802
2.8350009472256,0.0000008629349,0.000001247607,0.03148188,2.999685
2.83500096327402,0.0000008769003,0.000001268133,0.0310265,2.995055
2.83500098244333,0.0000008935616,0.00000129265,0.0305221,2.989535
2.83500100501787,0.0000009131504,0.000001321522,0.02997482,2.983047
2.83500103233681,0.0000009367997,0.000001356463,0.02936816,2.975214
2.83500106461439,0.0000009646408,0.000001397745,0.02871422,2.965986
2.83500110306161,0.0000009976105,0.000001446918,0.02800409,2.955032
2.83500114222564,0.000001030891,0.000001497008,0.02733987,2.943915
2.83500117909285,0.000001061814,0.00000154416,0.02675656,2.933488
2.83500121272307,0.000001089524,0.000001587172,0.02625203,2.924009
2.83500124203383,0.000001113116,0.000001624659,0.02582924,2.915772
2.8350012660409,0.000001131885,0.000001655363,0.02549232,2.909044
2.83500128463668,0.000001145943,0.000001679147,0.02523588,2.903842
2.83500129861037,0.000001156124,0.000001697018,0.02504509,2.89994
2.83500131041122,0.000001164364,0.000001712111,0.02488466,2.896648
2.83500132674901,0.000001174964,0.000001733006,0.02466226,2.892097
2.83500134213703,0.000001183842,0.000001752687,0.02445147,2.887818
2.83500136199618,0.000001193366,0.000001778086,0.02417653,2.882304
2.83500138415494,0.000001201106,0.000001806426,0.02386566,2.876164
2.83500141179837,0.000001206183,0.00000184178,0.02347294,2.868523
2.83500144585246,0.000001205294,0.000001885333,0.02298532,2.859137
2.83500149051229,0.000001192434,0.00000194245,0.02234799,2.846875
2.83500154957097,0.000001156489,0.000002017982,0.02152505,2.830741
2.83500163400537,0.000001072567,0.000002125967,0.02041609,2.807833
2.83500177132158,0.000000872811,0.000002301582,0.01882176,2.770973
2.83500189882892,0.0000006352882,0.000002464651,0.01757201,2.73718
2.8350020220415,0.0000003736387,0.000002622224,0.01655383,2.704916
2.83500212825506,0.0000001319485,0.000002758056,0.01580438,2.677411
2.83500223527038,-0.0000001196334,0.000002894912,0.0151492,2.649981
2.83500234349759,-0.0000003769288,0.000003033316,0.0145713,2.622527
2.83500249131607,-0.0000007251704,0.000003222347,0.0138926,2.585489
2.83500268813762,-0.000001171628,0.000003474038,0.0131444,2.536983
2.83500295522202,-0.000001728611,0.000003815567,0.01234026,2.472613
2.83500322940824,-0.000002229178,0.000004166161,0.01170053,2.408229
2.83500355926504,-0.000002727343,0.000004587915,0.01110374,2.332991
2.83500389300492,-0.000003116713,0.000005014601,0.010635,2.259262
2.83500427244386,-0.000003429734,0.000005499664,0.01021626,2.178265
2.83500466931094,-0.000003627367,0.000006006936,0.009871753,2.096656
2.83500511972613,-0.000003717748,0.000006582536,0.009565552,2.007737
2.83500559542102,-0.000003689059,0.000007190253,0.009316563,1.917922
2.83500603815431,-0.000003571953,0.000007755603,0.009138649,1.837957
2.83500641682152,-0.000003417298,0.000008238849,0.009019456,1.77223
2.83500675676376,-0.000003244696,0.000008672328,0.008933377,1.715243
2.83500707394508,-0.000003060642,0.00000907634,0.008867661,1.663736
2.83500737888042,-0.000002866741,0.000009464155,0.008815456,1.615684
2.83500769770451,-0.000002649582,0.0000098687,0.008770369,1.566933
2.83500799588097,-0.000002435477,0.00001024577,0.008735541,1.522679
2.83500829269112,-0.000002213649,0.00001061931,0.008706736,1.479875
2.83500857286593,-0.000001997626,0.00001096947,0.008684047,1.440581
2.83500878252765,-0.00000183236,0.00001122925,0.008669535,1.411865
2.83500893432366,-0.000001711017,0.00001141563,0.008660186,1.391436
2.8350090412364,-0.000001624787,0.0000115457,0.00865413,1.377226
2.83500911829675,-0.000001562272,0.00001163861,0.008650014,1.367075
2.83500918739976,-0.000001505971,0.00001172109,0.00864649,1.358036
2.83500928350369,-0.000001427316,0.00001183381,0.008641835,1.345565
2.83500938079913,-0.000001347288,0.00001194493,0.008637398,1.333056
2.83500951699297,-0.000001234642,0.00001209425,0.008631618,1.31574
2.8350096445966,-0.000001128484,0.00001222684,0.00862663,1.299722
2.83500982586058,-0.0000009767557,0.00001240221,0.008620189,1.277304
2.83501002254743,-0.0000008110061,0.00001257511,0.008613973,1.253417
2.8350103017382,-0.0000005740072,0.00001279087,0.008606349,1.220279
2.83501063851818,-0.0000002858463,0.0000130096,0.008598741,1.181472
2.8350110788289,0.00000009391478,0.00001323935,0.008590901,1.132597
2.83501155481269,0.0000005074485,0.00001343355,0.008584531,1.082043
2.83501201301919,0.0000009077983,0.00001358363,0.008579984,1.035525
2.83501247103898,0.000001309648,0.00001371173,0.008576607,0.9910396
2.83501290916317,0.00000169521,0.00001382418,0.008574199,0.9502923
2.83501334908356,0.000002083212,0.00001393518,0.008572386,0.9110787
2.83501378074754,0.000002464559,0.00001404794,0.008571047,0.8741889
2.83501421706469,0.000002850491,0.00001416999,0.008570029,0.8384333
2.83501465000949,0.000003233795,0.00001430201,0.008569269,0.8044137
2.83501508632116,0.000003620348,0.00001444808,0.008568691,0.7715397
2.83501601527309,0.000004443971,0.00001480793,0.008567893,0.7059962
2.83501715480314,0.000005454964,0.00001534492,0.008567386,0.6332126
2.83501782343751,0.000006048368,0.00001570846,0.008567223,0.5940801
2.83501860203723,0.000006739465,0.00001617478,0.008567104,0.5515739
2.83501947968778,0.000007518561,0.00001675248,0.008567026,0.5073258
2.83502052629988,0.000008447707,0.00001750757,0.008566977,0.4592105
2.83502176406591,0.000009546598,0.00001848368,0.008566951,0.4082034
2.83502331608491,0.00001092451,0.00001981774,0.008566939,0.3522144
2.83502530227563,0.00001268791,0.00002167346,0.008566936,0.2916409
2.8350276538409,0.0000147757,0.00002404258,0.008566937,0.2332958
2.83503026787574,0.00001709651,0.00002684458,0.008566938,0.1821771
2.8350326549058,0.00001921579,0.00002952211,0.008566939,0.1456689
2.8350351526142,0.00002143332,0.00003241481,0.008566939,0.1156276
2.83503745556603,0.00002347794,0.00003514524,0.008566939,0.09381027
2.83504002402338,0.00002575828,0.00003824454,0.008566939,0.07465217
2.83504250533845,0.00002796125,0.00004128049,0.008566939,0.06023055
2.83504528285109,0.00003042719,0.00004471564,0.008566939,0.04775072
2.83504791446989,0.0000327636,0.00004799789,0.008566939,0.03870715
2.83505074347691,0.00003527525,0.00005154879,0.008566939,0.03128097
2.83505341365217,0.00003764589,0.00005491663,0.008566939,0.02595306
2.83505623164008,0.00004014776,0.00005848381,0.008566939,0.0216703
2.83505892851119,0.00004254209,0.00006190711,0.008566939,0.01855863
2.83506172793342,0.00004502746,0.00006546794,0.008566939,0.01610117
2.83506442510046,0.00004742205,0.00006890411,0.008566939,0.01430238
2.83506716543626,0.00004985497,0.00007239939,0.008566939,0.01290884
2.83506980131393,0.00005219514,0.00007576443,0.008566939,0.0118847
2.83507241312625,0.00005451394,0.00007910094,0.008566939,0.01110408
2.83507511073487,0.00005690891,0.00008254883,0.008566939,0.01048474
2.83507813179652,0.00005959105,0.00008641172,0.008566939,0.009960838
2.83508140670285,0.00006249854,0.00009060061,0.008566939,0.009543707
2.8350851187893,0.00006579416,0.00009534996,0.008566939,0.009207691
2.83508920140668,0.00006941875,0.0001005745,0.008566939,0.008955824
2.8350938613917,0.00007355592,0.0001065388,0.008566939,0.008769101
2.83509911261706,0.00007821798,0.0001132606,0.008566939,0.008640814
2.83510525022107,0.00008366696,0.0001211176,0.008566939,0.008556446
2.83511244372711,0.00009005336,0.0001303267,0.008566939,0.008506862
2.83512123092255,0.0000978546,0.0001415763,0.008566939,0.008481278
2.83513220704744,0.0001075991,0.0001556284,0.008566939,0.008471465
2.83514795200744,0.0001215773,0.0001757857,0.008566939,0.008469945
2.83517369668337,0.000144433,0.0002087447,0.008566939,0.008471909
2.83522518603522,0.0001901436,0.0002746611,0.008566939,0.008473725
2.83532816473893,0.000281562,0.0004064878,0.008566939,0.008474004
2.83594603696117,0.0008299937,0.001197279,0.008566939,0.008473803
2.88749229833682,0.04606534,0.06601427,0.008566939,0.008473805
2.93903855971248,0.09042643,0.1290144,0.008566939,0.008473806
2.99058482108814,0.1339133,0.1901975,0.008566938,0.008473807
3.0421310824638,0.1765259,0.2495638,0.008566938,0.008473807
3.09367734383946,0.2182643,0.3071131,0.008566938,0.008473807
3.14522360521512,0.2591284,0.3628456,0.008566938,0.008473806
3.19676986659078,0.2991183,0.4167611,0.008566938,0.008473805
3.28519843801934,0.365724,0.5051836,0.008566938,0.008473804
3.3736270094479,0.4302142,0.5896097,0.008566938,0.008473804
3.46205558087646,0.4925889,0.6700393,0.008566938,0.008473803
3.55048415230502,0.5528479,0.7464725,0.008566937,0.008473803
3.63891272373359,0.6109914,0.8189093,0.008566937,0.008473803
3.72734129516215,0.6670192,0.8873497,0.008566937,0.008473803
3.81576986659071,0.7209315,0.9517936,0.008566936,0.008473803
3.96205558087646,0.8057303,1.050544,0.008566937,0.008473803
4.10834129516221,0.886353,1.14256,0.008566937,0.008473803
4.25462700944796,0.9627997,1.227841,0.008566937,0.008473802
4.40091272373372,1.03507,1.306387,0.008566936,0.008473802
4.54719843801947,1.103165,1.378198,0.008566936,0.008473802
4.69348415230522,1.167084,1.443274,0.008566936,0.008473802
4.83976986659097,1.226826,1.501615,0.008566936,0.008473801
4.98605558087673,1.283359,1.555615,0.008566936,0.008473802
5.1323412951625,1.337118,1.605948,0.008566936,0.008473802
5.27862700944826,1.388103,1.652616,0.008566936,0.008473801
5.42491272373402,1.436314,1.695618,0.008566936,0.008473801
5.57119843801979,1.481752,1.734954,0.008566936,0.008473801
5.71748415230555,1.524416,1.770624,0.008566936,0.008473801
5.86376986659131,1.564306,1.802629,0.008566936,0.0084738
6.01005558087708,1.602062,1.83226,0.008566935,0.0084738
6.15634129516284,1.637972,1.859888,0.008566935,0.0084738
6.3026270094486,1.672037,1.885513,0.008566935,0.0084738
6.44891272373437,1.704256,1.909133,0.008566935,0.0084738
6.59519843802013,1.734629,1.93075,0.008566935,0.0084738
6.74148415230589,1.763157,1.950364,0.008566935,0.0084738
6.88776986659166,1.78984,1.967973,0.008566935,0.0084738
7.03405558087742,1.8151,1.98428,0.008566935,0.0084738
7.18034129516318,1.83913,1.999488,0.008566935,0.0084738
7.32662700944894,1.861929,2.013597,0.008566935,0.0084738
7.47291272373471,1.883498,2.026605,0.008566935,0.0084738
7.61919843802047,1.903836,2.038515,0.008566935,0.0084738
7.76548415230623,1.922944,2.049324,0.008566935,0.0084738
7.911769866592,1.940821,2.059035,0.008566935,0.0084738
8.05805558087764,1.957749,2.068028,0.008566935,0.0084738
8.20434129516329,1.973854,2.076416,0.008566935,0.0084738
8.35062700944893,1.989137,2.084199,0.008566935,0.0084738
8.49691272373457,2.003598,2.091376,0.008566935,0.0084738
8.64319843802022,2.017238,2.097949,0.008566935,0.0084738
8.78948415230586,2.030055,2.103916,0.008566935,0.0084738
8.9357698665915,2.04205,2.109278,0.008566935,0.0084738
9.08205558087714,2.053409,2.114245,0.008566935,0.0084738
9.22834129516277,2.064218,2.118877,0.008566935,0.0084738
9.3746270094484,2.074476,2.123176,0.008566935,0.0084738
9.52091272373404,2.084184,2.127141,0.008566935,0.0084738
9.66719843801967,2.093342,2.130772,0.008566935,0.0084738
9.8134841523053,2.10195,2.134069,0.008566935,0.0084738
9.95976986659094,2.110007,2.137033,0.008566935,0.0084738
10.1060555808766,2.117638,2.139778,0.008566935,0.0084738
10.2523412951622,2.1249,2.142338,0.008566935,0.0084738
10.3986270094478,2.131793,2.144715,0.008566935,0.0084738
10.5449127237335,2.138317,2.146906,0.008566935,0.0084738
10.6911984380191,2.144473,2.148914,0.008566935,0.0084738
10.8374841523047,2.150259,2.150737,0.008566935,0.0084738
10.9837698665904,2.155676,2.152375,0.008566935,0.0084738
11.130055580876,2.160807,2.153893,0.008566935,0.0084738
11.2763412951616,2.16569,2.155309,0.008566935,0.0084738
11.4226270094473,2.170325,2.156623,0.008566935,0.0084738
11.5689127237329,2.174713,2.157835,0.008566935,0.0084738
11.7151984380185,2.178853,2.158946,0.008566935,0.0084738
11.8614841523042,2.182745,2.159954,0.008566935,0.0084738
12.0077698665898,2.186389,2.16086,0.008566935,0.0084738
12.1540555808754,2.189841,2.1617,0.008566935,0.0084738
12.3003412951611,2.193126,2.162483,0.008566935,0.0084738
12.4466270094467,2.196245,2.16321,0.008566935,0.0084738
12.5929127237323,2.199198,2.16388,0.008566935,0.0084738
12.739198438018,2.201984,2.164494,0.008566935,0.0084738
12.8854841523036,2.204603,2.165052,0.008566935,0.0084738
13.0317698665892,2.207056,2.165554,0.008566935,0.0084738
13.1780555808749,2.20938,2.166018,0.008566935,0.0084738
13.3243412951605,2.211591,2.166451,0.008566935,0.0084738
13.4706270094461,2.213691,2.166853,0.008566935,0.0084738
13.6169127237318,2.215678,2.167224,0.008566935,0.0084738
13.7631984380174,2.217554,2.167564,0.008566935,0.0084738
13.909484152303,2.219317,2.167873,0.008566935,0.0084738
14.0557698665887,2.220968,2.16815,0.008566935,0.0084738
14.1985170286474,2.222497,2.168401,0.008566935,0.0084738
14.3412641907062,2.223952,2.168636,0.008566935,0.0084738
14.484011352765,2.225336,2.168854,0.008566935,0.0084738
14.6267585148237,2.226648,2.169055,0.008566935,0.0084738
14.7695056768825,2.227888,2.16924,0.008566935,0.0084738
14.9122528389412,2.229055,2.169409,0.008566935,0.0084738
15.055000001,2.230151,2.169561,0.008566935,0.0084738
15.055000001583,2.230151,2.169561,0.008566935,0.0084738
15.0550000015888,2.230151,2.169561,0.008566935,0.0084738
15.0550000015935,2.230151,2.169561,0.008566933,0.0084738
15.0550000015975,2.230151,2.169561,0.008566931,0.0084738
15.0550000016019,2.230151,2.169561,0.008566928,0.0084738
15.0550000016081,2.230151,2.169561,0.008566923,0.0084738
15.0550000016185,2.230151,2.169561,0.008566911,0.0084738
15.0550000016307,2.230151,2.169561,0.008566895,0.0084738
15.0550000016465,2.230151,2.169561,0.008566868,0.0084738
15.0550000016637,2.230151,2.169561,0.008566833,0.0084738
15.0550000016873,2.230151,2.169561,0.008566774,0.008473799
15.0550000017173,2.230151,2.169561,0.008566686,0.008473798
15.0550000017629,2.230151,2.169561,0.008566523,0.008473796
15.055000001819,2.230151,2.169561,0.008566281,0.008473793
15.0550000018826,2.230151,2.169561,0.008565962,0.00847379
15.0550000019585,2.230151,2.169561,0.008565532,0.008473786
15.055000002,2.230151,2.169561,0.008565277,0.008473783
15.055000002059,2.230151,2.169561,0.008564894,0.008473779
15.0550000021264,2.230151,2.169561,0.008564436,0.008473774
15.0550000022612,2.230151,2.169561,0.008563471,0.008473764
15.0550000023874,2.230151,2.169561,0.008562527,0.008473755
15.0550000025591,2.230151,2.169561,0.0085612,0.008473742
15.0550000027292,2.230151,2.169561,0.008559857,0.008473729
15.0550000029539,2.230151,2.169561,0.008558066,0.008473711
15.0550000032016,2.230151,2.169561,0.00855608,0.008473692
15.0550000035426,2.230151,2.169561,0.008553345,0.008473665
15.0550000039691,2.230151,2.169561,0.008549932,0.008473631
15.0550000046288,2.230151,2.169561,0.008544683,0.008473579
15.0550000053685,2.230151,2.169561,0.008538837,0.00847352
15.0550000064115,2.230151,2.169561,0.008530667,0.008473438
15.0550000075441,2.230151,2.169561,0.00852189,0.008473349
15.055000008956,2.230151,2.169561,0.008511086,0.008473237
15.0550000104713,2.230151,2.169561,0.008499658,0.008473118
15.0550000119816,2.230151,2.169561,0.008488435,0.008472999
15.0550000135373,2.230151,2.169561,0.00847705,0.008472876
15.0550000151011,2.230151,2.169561,0.008465781,0.008472753
15.0550000167461,2.230151,2.169561,0.008454114,0.008472623
15.0550000184622,2.230151,2.169561,0.008442144,0.008472488
15.0550000203158,2.230151,2.169561,0.00842944,0.008472343
15.055000022314,2.230151,2.169561,0.008416004,0.008472186
15.0550000245308,2.230151,2.169561,0.008401406,0.008472011
15.0550000270043,2.230151,2.169561,0.008385491,0.008471818
15.0550000298452,2.230151,2.169561,0.008367686,0.008471594
15.0550000331584,2.230151,2.169561,0.008347543,0.008471335
15.0550000371581,2.230151,2.169561,0.008324088,0.008471022
15.0550000421335,2.230151,2.169561,0.008296174,0.008470633
15.055000048652,2.230151,2.169561,0.008261612,0.008470125
15.0550000577664,2.230151,2.169561,0.008216849,0.008469415
15.055000072001,2.230151,2.169561,0.008154425,0.00846831
15.0550000993096,2.230151,2.169561,0.008056024,0.008466203
15.0550001539268,2.230151,2.169561,0.007920128,0.008462034
15.0550002086362,2.230151,2.169561,0.007839806,0.008457915
15.0550002868264,2.230151,2.169561,0.00777841,0.008452118
15.0550003729005,2.230151,2.169561,0.007746543,0.00844584
15.0550004797272,2.230151,2.169561,0.007722527,0.008438157
15.0550005745562,2.230151,2.169561,0.007696223,0.008431383
15.055000657513,2.230151,2.169561,0.0076561,0.008425434
15.0550007571014,2.230151,2.169561,0.007567511,0.008418144
15.0550008468042,2.230151,2.16956,0.007451706,0.008411373
15.0550008835999,2.230151,2.16956,0.007402033,0.008408562
15.0550009176401,2.230151,2.16956,0.007364076,0.008405987
15.055000954022,2.230151,2.16956,0.007343299,0.008403341
15.0550009960431,2.23015,2.16956,0.007360839,0.008400577
15.0550010360396,2.23015,2.16956,0.007433134,0.008398417
15.0550010896689,2.23015,2.16956,0.007636602,0.008396588
15.0550011217716,2.23015,2.16956,0.007822298,0.008396186
15.0550011544665,2.23015,2.16956,0.008064738,0.008396387
15.055001194075,2.23015,2.16956,0.008435071,0.008397519
15.0550012435349,2.23015,2.16956,0.009017631,0.008400345
15.0550013085218,2.23015,2.16956,0.009976665,0.008406446
15.0550013954023,2.23015,2.16956,0.01157734,0.008418594
15.0550014821021,2.23015,2.16956,0.01351203,0.008434936
15.0550015939597,2.23015,2.16956,0.01646269,0.008461721
15.0550016900642,2.23015,2.16956,0.01937466,0.0084895
15.055001807774,2.23015,2.16956,0.02336956,0.008529004
15.0550019353204,2.23015,2.16956,0.02817748,0.008578024
15.0550021764225,2.23015,2.169559,0.03841792,0.008685932
15.0550024885158,2.23015,2.169559,0.05348539,0.008850192
15.0550028349876,2.23015,2.169559,0.07203481,0.009058096
15.0550031498142,2.23015,2.169559,0.09011762,0.009264954
15.0550034204363,2.23015,2.169559,0.1063403,0.009453221
15.0550036557173,2.23015,2.169559,0.1208154,0.009622985
15.0550038538391,2.23015,2.169559,0.1332031,0.009769435
15.0550040455417,2.23015,2.169559,0.1453177,0.009913597
15.0550042403109,2.23015,2.169558,0.1577221,0.0100621
15.0550044731375,2.23015,2.169558,0.1726399,0.0102418
15.0550047280046,2.230149,2.169558,0.1890439,0.01044071
15.0550049777925,2.230149,2.169558,0.2051644,0.01063747
15.0550051439658,2.230149,2.169558,0.2159009,0.01076919
15.0550053428286,2.230149,2.169558,0.2287503,0.01092753
15.0550054299459,2.230149,2.169558,0.2343779,0.0109971
15.0550055813131,2.230149,2.169558,0.2441501,0.01111826
15.055005720151,2.230149,2.169558,0.2531049,0.01122964
15.0550059483382,2.230149,2.169558,0.2677987,0.01141314
15.0550062060044,2.230149,2.169558,0.2843479,0.01162091
15.0550064285632,2.230149,2.169558,0.2986001,0.01180076
15.0550066057766,2.230149,2.169557,0.3099178,0.01194419
15.0550067763574,2.230149,2.169557,0.3207843,0.0120824
15.0550069501466,2.230149,2.169557,0.3318257,0.01222333
15.0550071732899,2.230149,2.169557,0.3459572,0.01240444
15.0550073798127,2.230149,2.169557,0.3589891,0.01257219
15.0550074759938,2.230149,2.169557,0.3650424,0.01265035
15.0550076118236,2.230149,2.169557,0.3735738,0.01276077
15.0550076692558,2.230149,2.169557,0.3771749,0.01280747
15.0550077523537,2.230149,2.169557,0.3823787,0.01287504
15.0550078272994,2.230149,2.169557,0.3870653,0.012936
15.0550079371231,2.230149,2.169557,0.3939213,0.01302534
15.0550080821287,2.230149,2.169557,0.4029524,0.01314332
15.0550082986043,2.230149,2.169557,0.4163894,0.0133195
15.0550085163574,2.230149,2.169557,0.4298506,0.01349676
15.0550087068966,2.230149,2.169557,0.4415838,0.0136519
15.0550088618019,2.230149,2.169557,0.4510912,0.01377803
15.0550090113295,2.230149,2.169557,0.4602416,0.01389981
15.055009162968,2.230149,2.169557,0.4694942,0.01402331
15.0550093538967,2.230149,2.169556,0.4811052,0.01417882
15.0550096074904,2.230149,2.169556,0.4964601,0.01438538
15.0550098371163,2.230149,2.169556,0.5102977,0.01457243
15.0550100640991,2.230149,2.169556,0.5239143,0.01475733
15.0550103063829,2.230149,2.169556,0.5383813,0.01495469
15.0550105283243,2.230149,2.169556,0.5515723,0.01513549
15.055010726494,2.230149,2.169556,0.5633011,0.01529692
15.0550108941373,2.230149,2.169556,0.5731868,0.01543348
15.0550110452204,2.230149,2.169556,0.5820674,0.01555654
15.0550112017748,2.230149,2.169556,0.5912411,0.01568407
15.0550113692859,2.230149,2.169556,0.6010249,0.01582051
15.0550116031907,2.230149,2.169556,0.6146311,0.01601103
15.0550118740909,2.230149,2.169556,0.630309,0.01623167
15.0550122168874,2.230149,2.169555,0.6500247,0.01651085
15.0550125382839,2.230149,2.169555,0.6683849,0.01677258
15.0550128812258,2.230149,2.169555,0.6878434,0.01705185
15.0550132037845,2.230149,2.169555,0.7060211,0.01731449
15.0550135410568,2.230149,2.169555,0.7248996,0.01758909
15.0550138708414,2.230149,2.169555,0.7432327,0.01785758
15.0550142169813,2.230149,2.169555,0.7623413,0.01813936
15.0550145650702,2.230149,2.169555,0.7814202,0.0184227
15.0550149319724,2.230149,2.169554,0.8013816,0.01872133
15.0550153090982,2.230149,2.169554,0.8217415,0.01902825
15.0550157145437,2.230149,2.169554,0.8434526,0.01935819
15.0550161749734,2.230149,2.169554,0.8678864,0.01973283
15.0550166911058,2.230149,2.169554,0.894998,0.02015274
15.0550172912856,2.230149,2.169554,0.9261577,0.02064097
15.0550179835856,2.230148,2.169554,0.961615,0.02120405
15.0550188123302,2.230148,2.169553,1.003385,0.02187797
15.0550198153872,2.230148,2.169553,1.05297,0.02269345
15.0550210908218,2.230148,2.169552,1.114513,0.02373008
15.0550227803049,2.230148,2.169552,1.19349,0.02510273
15.0550252221374,2.230148,2.169551,1.302591,0.02708562
15.0550271211903,2.230147,2.16955,1.383088,0.02862691
15.0550283411782,2.230146,2.16955,1.432469,0.02961668
15.0550294564489,2.230145,2.169549,1.47565,0.03052123
15.0550307037219,2.230142,2.169549,1.521289,0.03153254
15.055032172066,2.230136,2.169549,1.570993,0.0327227
15.055033653897,2.230126,2.169548,1.616522,0.03392335
15.0550354278148,2.23011,2.169547,1.664971,0.03536008
15.0550382878847,2.230069,2.169546,1.730501,0.03767516
15.0550393100767,2.230051,2.169546,1.750433,0.03850218
15.055039738667,2.230042,2.169546,1.758288,0.03884887
15.0550401678689,2.230033,2.169546,1.765882,0.03919602
15.0550403724551,2.230029,2.169546,1.76941,0.03936148
15.0550404073585,2.230028,2.169546,1.770007,0.03938971
15.0550404304591,2.230027,2.169546,1.770403,0.03940839
15.0550404654551,2.230026,2.169546,1.771008,0.0394367
15.0550404919476,2.230026,2.169546,1.77147,0.03945812
15.055040522469,2.230025,2.169546,1.772011,0.03948281
15.0550405557597,2.230025,2.169546,1.77261,0.03950973
15.0550406000413,2.230024,2.169546,1.773422,0.03954554
15.0550406632625,2.230022,2.169546,1.774614,0.03959667
15.0550407481487,2.23002,2.169545,1.776273,0.03966531
15.0550408417776,2.230018,2.169545,1.778177,0.03974102
15.0550409523001,2.230016,2.169545,1.780519,0.0398304
15.0550410815357,2.230013,2.169545,1.783378,0.0399349
15.055041234457,2.230009,2.169545,1.786914,0.04005855
15.055041409836,2.230006,2.169545,1.791147,0.04020035
15.0550416119869,2.230001,2.169545,1.796231,0.04036379
15.0550418436019,2.229996,2.169545,1.802278,0.04055104
15.0550421100523,2.22999,2.169545,1.809472,0.04076645
15.0550424166371,2.229983,2.169545,1.81799,0.04101428
15.0550427713907,2.229975,2.169545,1.828078,0.04130103
15.0550431838951,2.229966,2.169545,1.840015,0.04163442
15.0550436671298,2.229955,2.169544,1.854159,0.04202494
15.0550442376059,2.229942,2.169544,1.870942,0.04248589
15.055044917441,2.229927,2.169544,1.890919,0.04303513
15.0550457357309,2.229908,2.169544,1.914783,0.0436961
15.055046730677,2.229886,2.169544,1.943396,0.04449958
15.0550479488292,2.229858,2.169543,1.977722,0.04548304
15.0550494382722,2.229825,2.169543,2.018575,0.04668512
15.0550512330762,2.229784,2.169542,2.066169,0.04813306
15.0550533456467,2.229737,2.169541,2.11996,0.04983652
15.0550557873189,2.229682,2.16954,2.17925,0.05180423
15.05505859401,2.229619,2.169539,2.243776,0.05406463
15.0550618285191,2.229546,2.169538,2.313596,0.05666761
15.0550655743063,2.229462,2.169537,2.388773,0.05967943
15.0550699334531,2.229364,2.169535,2.469163,0.06318089
15.0550750291477,2.229249,2.169533,2.554303,0.06726915
15.055081011122,2.229115,2.169531,2.643334,0.07206185
15.0550880639578,2.228956,2.169529,2.734947,0.07770336
15.0550964182379,2.228768,2.169526,2.827343,0.08437306
15.0551063652227,2.228544,2.169523,2.918227,0.09229621
15.055117735897,2.228288,2.169519,3.001327,0.1013294
15.0551288026869,2.228039,2.169515,3.064985,0.1100966
15.0551404547908,2.227777,2.169511,3.117522,0.1193014
15.0551515646314,2.227527,2.169507,3.156658,0.1280529
15.0551635805676,2.227257,2.169503,3.189647,0.137491
15.0551750998525,2.226998,2.169499,3.214134,0.1465125
15.0551875234553,2.226719,2.169494,3.234522,0.1562133
15.0551998592201,2.226441,2.16949,3.249993,0.1658157
15.0552140877998,2.226122,2.169485,3.263413,0.176855
15.0552297213681,2.22577,2.16948,3.274118,0.1889393
15.0552478870986,2.225362,2.169473,3.282784,0.2029219
15.0552688326936,2.224891,2.169466,3.289352,0.2189658
15.0552937752707,2.224331,2.169457,3.294122,0.2379624
15.0553241662793,2.223649,2.169447,3.297305,0.2609497
15.0553627395727,2.222783,2.169433,3.299183,0.2898765
15.0554143047864,2.221626,2.169415,3.300057,0.3281147
15.0554886847301,2.219958,2.169389,3.300263,0.3824143
15.0556090892933,2.217261,2.169347,3.300151,0.4682148
15.0558450264306,2.211986,2.169265,3.300016,0.6291181
15.0562989099469,2.201872,2.169106,3.299987,0.9136693
15.0567168431746,2.1926,2.168956,3.299997,1.148866
15.0568748901211,2.189104,2.168891,3.299999,1.231436
15.0570127031228,2.18606,2.168811,3.3,1.300763
15.0570809809724,2.184554,2.168752,3.3,1.334215
15.0571581360061,2.182853,2.16865,3.3,1.371322
15.0572150607817,2.181598,2.168533,3.3,1.398232
15.0572620469483,2.180564,2.168393,3.3,1.420144
15.0573004373498,2.179719,2.168237,3.3,1.437844
15.0573319218932,2.179026,2.168071,3.3,1.452222
15.0573572415265,2.178469,2.167906,3.3,1.463691
15.0573780207248,2.178012,2.167745,3.3,1.473039
15.0573978001244,2.177577,2.167566,3.3,1.481883
15.0574172775377,2.177149,2.167363,3.3,1.490537
15.0574384568597,2.176683,2.167106,3.3,1.499883
15.0574653603151,2.176092,2.166716,3.3,1.511655
15.057496099818,2.175417,2.166167,3.3,1.524961
15.0575186136283,2.174922,2.165684,3.3,1.534605
15.057549188523,2.174251,2.164907,3.3,1.54759
15.057552280947,2.174183,2.164821,3.3,1.548924
15.0575549386766,2.174125,2.164748,3.3,1.550071
15.057557275142,2.174074,2.164683,3.3,1.551079
15.0575647925798,2.173908,2.164474,3.3,1.554318
15.0575748158302,2.173689,2.164196,3.3,1.558627
15.0575846978737,2.173472,2.163921,3.3,1.562865
15.0575984049973,2.173171,2.16354,3.3,1.568727
15.057615120819,2.172804,2.163074,3.3,1.575849
15.0576365935426,2.172333,2.162476,3.3,1.584954
15.0576623626518,2.171768,2.161758,3.3,1.595818
15.0576938250902,2.171078,2.160881,3.3,1.608988
15.0577311424187,2.17026,2.15984,3.3,1.624475
15.0577751629784,2.169296,2.158612,3.3,1.64256
15.0578261361788,2.16818,2.15719,3.3,1.663256
15.0578845322277,2.166902,2.155561,3.3,1.686645
15.0579505203081,2.165459,2.153721,3.3,1.712669
15.0580243844355,2.163844,2.151663,3.3,1.741295
15.0581064408699,2.162052,2.149377,3.3,1.772485
15.0581972909934,2.16007,2.146848,3.3,1.806282
15.0582978463848,2.157878,2.144053,3.3,1.842808
15.0584094317005,2.155448,2.140954,3.3,1.882283
15.0585337935815,2.152744,2.137504,3.3,1.925005
15.0586731479275,2.149717,2.133645,3.3,1.971331
15.0588425682035,2.146043,2.128962,3.3,2.025531
15.0590575712241,2.141389,2.123033,3.3,2.09111
15.0593360785236,2.135376,2.115377,3.3,2.171026
15.0597072607389,2.127388,2.105215,3.3,2.26933
15.0602211599478,2.116379,2.091224,3.3,2.391421
15.0609652827649,2.100537,2.071129,3.3,2.543108
15.0619652827649,2.079435,2.044425,3.3,2.708104
15.0629652827649,2.058545,2.018064,3.3,2.836834
15.0639652827649,2.037865,1.992041,3.3,2.936838
15.0649652827649,2.017392,1.966354,3.3,3.014367
15.0659652827649,1.997125,1.940997,3.3,3.074414
15.0669652827649,1.977062,1.915968,3.3,3.120901
15.0679652827649,1.9572,1.89126,3.3,3.15688
15.0689652827649,1.937537,1.866872,3.3,3.184725
15.0699652827649,1.918073,1.842797,3.3,3.206273
15.0709652827649,1.898803,1.819033,3.3,3.222948
15.0719652827649,1.879728,1.795576,3.3,3.235851
15.0729652827649,1.860844,1.77242,3.3,3.245836
15.0739652827649,1.842149,1.749564,3.3,3.253563
15.0749652827649,1.823643,1.727002,3.3,3.259542
15.0759652827649,1.805322,1.704731,3.3,3.264169
15.0769652827649,1.787186,1.682747,3.3,3.26775
15.0779652827649,1.769231,1.661047,3.3,3.27052
15.0789652827649,1.751457,1.639627,3.3,3.272664
15.0799652827649,1.733862,1.618482,3.3,3.274323
15.0809652827649,1.716443,1.597611,3.3,3.275607
15.0819652827649,1.699199,1.577008,3.3,3.276601
15.0829652827649,1.682129,1.556672,3.3,3.277369
15.0839652827649,1.66523,1.536597,3.3,3.277964
15.0849652827649,1.648501,1.516782,3.3,3.278425
15.0869652827649,1.615545,1.477914,3.3,3.279057
15.0889652827649,1.583248,1.440042,3.3,3.279435
15.0919652827649,1.536009,1.385046,3.3,3.279738
15.0946795684791,1.494557,1.337235,3.3,3.279831
15.0973938541934,1.454155,1.290947,3.3,3.279906
15.1001081399077,1.414801,1.24618,3.3,3.279962
15.102822425622,1.376496,1.202936,3.3,3.279999
15.1055367113363,1.339241,1.161213,3.3,3.280018
15.1082509970506,1.303035,1.121012,3.3,3.280017
15.1109652827649,1.267878,1.082333,3.3,3.279998
15.1179652827649,1.182264,0.9898775,3.3,3.279999
15.1249652827648,1.101626,0.9039861,3.3,3.279999
15.1319652827648,1.025961,0.8246583,3.3,3.28
15.1389652827648,0.9552715,0.7518943,3.3,3.28
15.1459652827648,0.8895562,0.6856941,3.3,3.28
15.1529652827648,0.8288154,0.6260575,3.3,3.28
15.1599652827648,0.7730491,0.5729848,3.3,3.28
15.1669652827648,0.7208484,0.524038,3.3,3.28
15.1739652827648,0.6716808,0.4785661,3.3,3.28
15.1809652827648,0.6255463,0.4365691,3.3,3.28
15.1879652827648,0.5824448,0.3980471,3.3,3.28
15.1949652827648,0.5423765,0.3629999,3.3,3.28
15.2019652827648,0.5053412,0.3314277,3.3,3.28
15.2089652827648,0.4713389,0.3033304,3.3,3.28
15.2159652827648,0.4395108,0.2774174,3.3,3.28
15.2229652827648,0.409532,0.2533441,3.3,3.28
15.2299652827648,0.3814025,0.2311105,3.3,3.28
15.2369652827648,0.3551224,0.2107165,3.3,3.28
15.2439652827648,0.3306917,0.1921622,3.3,3.28
15.2509652827648,0.3081102,0.1754475,3.3,3.28
15.2579652827648,0.2873782,0.1605725,3.3,3.28
15.2649652827648,0.2679717,0.146854,3.3,3.28
15.2719652827648,0.2496928,0.1341094,3.3,3.28
15.2789652827648,0.2325416,0.1223388,3.3,3.28
15.2859652827647,0.2165179,0.1115422,3.3,3.28
15.2929652827648,0.2016218,0.1017195,3.3,3.28
15.2999652827648,0.1878534,0.09287081,3.3,3.28
15.3069652827647,0.1752125,0.08499607,3.3,3.28
15.3141081399076,0.1631518,0.0775967,3.3,3.28
15.3212509970505,0.1518036,0.07073099,3.3,3.28
15.3283938541933,0.1411678,0.06439893,3.3,3.28
15.3355367113362,0.1312444,0.05860053,3.3,3.28
15.342679568479,0.1220336,0.05333579,3.3,3.28
15.3498224256219,0.1135352,0.0486047,3.3,3.28
15.3569652827647,0.1057492,0.04440726,3.3,3.28
15.3642509970504,0.09833215,0.04046967,3.3,3.28
15.3715367113361,0.09136039,0.03682046,3.3,3.28
15.3788224256219,0.08483391,0.03345964,3.3,3.28
15.3861081399076,0.07875272,0.0303872,3.3,3.28
15.3933938541933,0.07311681,0.02760314,3.3,3.28
15.400679568479,0.06792618,0.02510747,3.3,3.28
15.4079652827647,0.06318084,0.02290019,3.3,3.28
15.4155367113361,0.05858567,0.02079634,3.3,3.28
15.4231081399075,0.05427512,0.0188512,3.3,3.28
15.430679568479,0.05024918,0.01706475,3.3,3.28
15.4382509970504,0.04650785,0.015437,3.3,3.28
15.4458224256218,0.04305114,0.01396795,3.3,3.28
15.4533938541932,0.03987904,0.01265759,3.3,3.28
15.4609652827647,0.03699156,0.01150594,3.3,3.28
15.4691081399075,0.03411108,0.01037617,3.3,3.28
15.4772509970504,0.03141972,0.009336431,3.3,3.28
15.4853938541932,0.02891747,0.008386725,3.3,3.28
15.4935367113361,0.02660434,0.007527048,3.3,3.28
15.5016795684789,0.02448033,0.006757402,3.3,3.28
15.5098224256218,0.02254544,0.006077785,3.3,3.28
15.5179652827646,0.02079967,0.005488199,3.3,3.28
15.5272509970503,0.01896987,0.004881549,3.3,3.28
15.536536711336,0.01727322,0.004328127,3.3,3.28
15.5458224256218,0.0157097,0.003827933,3.3,3.28
15.5551081399075,0.01427931,0.003380966,3.3,3.28
15.5643938541932,0.01298207,0.002987226,3.3,3.28
15.5736795684789,0.01181796,0.002646714,3.3,3.28
15.5829652827646,0.01078699,0.00235943,3.3,3.28
15.593536711336,0.009718359,0.002066941,3.3,3.28
15.6041081399074,0.008735508,0.001802568,3.3,3.28
15.6146795684789,0.007838439,0.001566311,3.3,3.28
15.6252509970503,0.007027153,0.001358169,3.3,3.28
15.6358224256217,0.006301647,0.001178144,3.3,3.28
15.6463938541931,0.005661924,0.001026235,3.3,3.28
15.6569652827646,0.005107983,0.0009024414,3.3,3.28
15.6689652827645,0.004540739,0.0007776235,3.3,3.28
15.6809652827645,0.004023451,0.0006658732,3.3,3.28
15.6929652827645,0.003556119,0.0005671905,3.3,3.28
15.7049652827645,0.003138743,0.0004815754,3.3,3.28
15.7169652827645,0.002771323,0.0004090279,3.3,3.28
15.7289652827645,0.002453859,0.000349548,3.3,3.28
15.7409652827645,0.002186351,0.0003031357,3.3,3.28
15.7535367113359,0.001933298,0.0002595221,3.3,3.28
15.7661081399073,0.001703282,0.0002206151,3.3,3.28
15.7786795684788,0.001496302,0.0001864148,3.3,3.28
15.7912509970502,0.00131236,0.0001569212,3.3,3.28
15.8038224256216,0.001151454,0.0001321341,3.3,3.28
15.816393854193,0.001013585,0.0001120538,3.3,3.28
15.8289652827645,0.0008987529,0.00009668012,3.3,3.28
15.8492509970502,0.0007429251,0.00007638322,3.3,3.28
15.8695367113359,0.0006064385,0.00005897704,3.3,3.28
15.8898224256216,0.0004892932,0.0000444616,3.3,3.28
15.9101081399073,0.0003914891,0.0000328369,3.3,3.28
15.930393854193,0.0003130263,0.00002410292,3.3,3.28
15.9506795684787,0.0002539047,0.00001825968,3.3,3.28
15.9709652827644,0.0002141244,0.00001530717,3.3,3.28
16.0016795684787,0.0001637056,0.00001109208,3.3,3.28
16.032393854193,0.0001210593,0.000007598719,3.3,3.28
16.0631081399073,0.00008618567,0.000004827105,3.3,3.28
16.0938224256216,0.00005908461,0.000002777233,3.3,3.28
16.124536711336,0.00003975615,0.000001449102,3.3,3.28
16.1552509970503,0.00002820028,0.0000008427137,3.3,3.28
16.1859652827646,0.000024417,0.0000009580673,3.3,3.28
16.2308224256218,0.00001719594,0.0000006455894,3.3,3.28
16.275679568479,0.00001126882,0.0000003934243,3.3,3.28
16.3205367113362,0.000006635632,0.0000002015719,3.3,3.28
16.3653938541934,0.000003296382,0.00000007003221,3.3,3.28
16.4102509970506,0.000001251068,-0.000000001194736,3.3,3.28
16.4551081399078,0.0000004996896,-0.00000001210895,3.3,3.28
16.499965282765,0.000001042247,0.00000003728957,3.3,3.28
16.5503938541936,0.0000007211544,0.00000003174372,3.3,3.28
16.6008224256222,0.0000004597737,0.00000002729871,3.3,3.28
16.6512509970509,0.0000002581045,0.00000002395453,3.3,3.28
16.7016795684795,0.0000001161468,0.00000002171119,3.3,3.28
16.7521081399081,0.00000003390066,0.00000002056868,3.3,3.28
16.8025367113368,0.00000001136604,0.000000020527,3.3,3.28
16.8529652827654,0.00000004854295,0.00000002158616,3.3,3.28
16.9602509970513,0.00000003692252,0.00000002151842,3.3,3.28
17.0675367113371,0.00000002779986,0.00000002146555,3.3,3.28
17.1748224256229,0.00000002117495,0.00000002142755,3.3,3.28
17.2821081399088,0.0000000170478,0.00000002140442,3.3,3.28
17.3893938541946,0.00000001541841,0.00000002139615,3.3,3.28
17.4966795684805,0.00000001628677,0.00000002140276,3.3,3.28
17.6039652827663,0.0000000196529,0.00000002142423,3.3,3.28
17.8769652827667,0.00000001963917,0.00000002142422,3.3,3.28
18.0232509970525,0.00000001963878,0.00000002142422,3.3,3.28
18.1695367113384,0.00000001963847,0.00000002142422,3.3,3.28
18.3158224256243,0.00000001963825,0.00000002142422,3.3,3.28
18.4621081399102,0.00000001963812,0.00000002142422,3.3,3.28
18.6083938541961,0.00000001963808,0.00000002142422,3.3,3.28
18.754679568482,0.00000001963812,0.00000002142422,3.3,3.28
18.9009652827679,0.00000001963824,0.00000002142422,3.3,3.28
19.9249652827692,0.00000001963824,0.00000002142422,3.3,3.28
19.995,0.00000001963824,0.00000002142422,3.3,3.28
