time,V(boot0_mod),V(boot0_mos),V(nrst_mod),V(nrst_mos)
0,0.00003231158,0.000000009016838,3.28,3.3
1.0215,0.00003231158,0.000000009016838,3.28,3.3
2.04549999999989,0.00003231158,0.000000009016838,3.28,3.3
2.835,0.00003231158,0.000000009016838,3.28,3.3
2.83500000059848,0.00003231158,0.000000009016838,3.28,3.3
2.83500000059876,0.00003231158,0.000000009017061,3.28,3.3
2.83500000059906,0.00003231158,0.000000009017334,3.28,3.3
2.83500000059938,0.00003231158,0.000000009017649,3.28,3.3
2.83500000059982,0.00003231158,0.000000009018084,3.28,3.3
2.83500000060049,0.00003231158,0.000000009018752,3.28,3.3
2.83500000060159,0.00003231158,0.00000000901985,3.28,3.3
2.83500000060304,0.00003231159,0.0000000090213,3.28,3.3
2.83500000060492,0.00003231159,0.000000009023179,3.28,3.3
2.83500000060723,0.00003231159,0.000000009025488,3.28,3.3
2.83500000061012,0.0000323116,0.000000009028378,3.28,3.3
2.83500000061349,0.0000323116,0.000000009031747,3.28,3.3
2.83500000061778,0.0000323116,0.00000000903604,3.28,3.3
2.83500000062302,0.00003231161,0.000000009041281,3.28,3.3
2.83500000062984,0.00003231162,0.000000009048104,3.28,3.3
2.83500000063867,0.00003231163,0.000000009056942,3.28,3.3
2.83500000065088,0.00003231165,0.000000009069164,3.28,3.3
2.83500000066851,0.00003231168,0.000000009086809,3.28,3.3
2.83500000069696,0.00003231171,0.000000009115297,3.28,3.3
2.83500000075063,0.00003231179,0.000000009169098,3.28,3.3
2.83500000080524,0.00003231186,0.000000009223934,3.28,3.3
2.83500000087894,0.00003231197,0.000000009298073,3.280001,3.300001
2.8350000009608,0.00003231208,0.000000009380645,3.280001,3.300001
2.835000001,0.00003231213,0.000000009420267,3.280002,3.300002
2.83500000107482,0.00003231224,0.000000009496056,3.280002,3.300003
2.83500000116033,0.00003231236,0.000000009582922,3.280003,3.300003
2.83500000133135,0.0000323126,0.000000009757432,3.280006,3.300006
2.83500000155748,0.00003231292,0.000000009989662,3.280009,3.300009
2.83500000188606,0.00003231339,0.00000001032963,3.280015,3.300015
2.83500000243233,0.00003231418,0.00000001089977,3.280028,3.300028
2.83500000293781,0.00003231491,0.00000001143102,3.280041,3.300041
2.83500000350529,0.00003231574,0.00000001202968,3.280057,3.300057
2.83500000411929,0.00003231664,0.00000001267829,3.280076,3.300076
2.83500000477244,0.00003231759,0.00000001336765,3.280096,3.300096
2.83500000554344,0.00003231872,0.00000001417861,3.28012,3.30012
2.83500000591329,0.00003231925,0.00000001456598,3.280131,3.30013
2.83500000633818,0.00003231987,0.00000001500876,3.280142,3.300142
2.83500000683417,0.00003232057,0.00000001552112,3.280154,3.300154
2.8350000073663,0.00003232132,0.00000001606335,3.280163,3.300163
2.83500000777576,0.00003232189,0.00000001647417,3.280167,3.300167
2.83500000813578,0.00003232238,0.00000001683007,3.280169,3.300168
2.8350000085127,0.00003232288,0.00000001719689,3.280167,3.300166
2.83500000895754,0.00003232346,0.00000001762181,3.280162,3.300161
2.83500000951662,0.00003232417,0.00000001814348,3.280149,3.300148
2.8350000102368,0.00003232506,0.00000001879563,3.280123,3.300122
2.83500001121552,0.00003232621,0.0000000196484,3.280071,3.300069
2.83500001269671,0.00003232786,0.00000002087379,3.27996,3.299957
2.83500001495791,0.00003233018,0.00000002261528,3.279725,3.29972
2.83500001702822,0.0000323321,0.00000002408609,3.279447,3.29944
2.8350000192175,0.00003233395,0.00000002551459,3.279095,3.299087
2.83500002152216,0.00003233564,0.00000002685835,3.278667,3.298656
2.8350000236071,0.00003233688,0.00000002789234,3.278231,3.298218
2.83500002529735,0.00003233762,0.00000002855568,3.277844,3.29783
2.83500002664891,0.00003233795,0.00000002892554,3.277515,3.297499
2.83500002777039,0.00003233797,0.00000002907689,3.277228,3.297211
2.83500002877694,0.00003233772,0.00000002903976,3.276961,3.296943
2.83500002969092,0.00003233716,0.00000002880402,3.276711,3.296692
2.83500003056525,0.00003233621,0.00000002831965,3.276466,3.296446
2.83500003151826,0.00003233456,0.00000002740609,3.276195,3.296173
2.83500003235386,0.00003233251,0.00000002622174,3.275953,3.29593
2.83500003346433,0.00003232889,0.00000002405627,3.275628,3.295603
2.83500003434749,0.00003232527,0.0000000218566,3.275367,3.29534
2.8350000353358,0.0000323205,0.00000001891915,3.275072,3.295044
2.83500003673533,0.00003231256,0.00000001398371,3.274651,3.294621
2.83500003805235,0.00003230397,0.000000008603029,3.274252,3.29422
2.83500003973244,0.00003229173,8.848114E-10,3.27374,3.293705
2.83500004140729,0.00003227848,-0.000000007517685,3.273226,3.293188
2.83500004299512,0.00003226533,-0.00000001588138,3.272738,3.292696
2.83500004512024,0.0000322474,-0.00000002731333,3.272081,3.292036
2.83500004732957,0.00003222868,-0.00000003926218,3.271396,3.291347
2.83500004954254,0.00003220998,-0.00000005119504,3.270708,3.290654
2.83500005282438,0.00003218247,-0.00000006875867,3.269685,3.289625
2.83500005715646,0.00003214656,-0.00000009168612,3.268331,3.288263
2.8350000627594,0.00003210076,-0.0000001209167,3.266576,3.286498
2.83500006642584,0.00003207118,-0.0000001397941,3.265427,3.285341
2.8350000685581,0.00003205411,-0.0000001506839,3.264758,3.284668
2.83500006922852,0.00003204876,-0.0000001540947,3.264547,3.284456
2.83500007005494,0.00003204219,-0.0000001582906,3.264288,3.284195
2.83500007033618,0.00003203996,-0.0000001597163,3.264199,3.284107
2.83500007059474,0.0000320379,-0.0000001610262,3.264118,3.284025
2.83500007085675,0.00003203582,-0.0000001623527,3.264036,3.283942
2.83500007114772,0.00003203352,-0.0000001638247,3.263945,3.28385
2.83500007143764,0.00003203122,-0.0000001652902,3.263854,3.283759
2.83500007182648,0.00003202814,-0.000000167254,3.263732,3.283636
2.83500007220886,0.00003202512,-0.0000001691833,3.263612,3.283515
2.83500007262965,0.00003202179,-0.0000001713042,3.263479,3.283382
2.83500007309614,0.00003201811,-0.0000001736527,3.263333,3.283235
2.83500007360397,0.00003201411,-0.0000001762061,3.263174,3.283075
2.83500007424882,0.00003200904,-0.0000001794437,3.262971,3.282871
2.83500007513538,0.00003200207,-0.0000001838862,3.262693,3.282591
2.83500007627613,0.00003199314,-0.0000001895879,3.262335,3.28223
2.83500007735555,0.0000319847,-0.0000001949682,3.261996,3.281889
2.83500007851486,0.00003197567,-0.0000002007307,3.261632,3.281523
2.83500007962405,0.00003196705,-0.0000002062288,3.261283,3.281173
2.8350000809383,0.00003195687,-0.0000002127245,3.260871,3.280758
2.83500008240974,0.0000319455,-0.0000002199731,3.260409,3.280293
2.83500008425354,0.00003193132,-0.000000229021,3.25983,3.27971
2.83500008642358,0.0000319147,-0.0000002396211,3.259149,3.279025
2.83500008915306,0.00003189391,-0.0000002528815,3.258292,3.278163
2.83500009249374,0.00003186863,-0.0000002690055,3.257243,3.277108
2.83500009641905,0.00003183915,-0.0000002878089,3.256011,3.275869
2.83500010108249,0.00003180441,-0.000000309959,3.254548,3.274397
2.83500010654497,0.00003176411,-0.0000003356589,3.252835,3.272673
2.83500011304316,0.00003171666,-0.000000365911,3.250798,3.270624
2.83500012070914,0.00003166134,-0.0000004011867,3.248397,3.268208
2.83500012984882,0.00003159621,-0.0000004427098,3.245536,3.26533
2.83500014068752,0.00003152004,-0.0000004912666,3.242147,3.26192
2.83500015366674,0.00003143022,-0.0000005485243,3.238093,3.257841
2.83500016922145,0.00003132438,-0.0000006159813,3.23324,3.252959
2.83500018807916,0.00003119849,-0.0000006962039,3.227368,3.247051
2.8350002110103,0.00003104871,-0.0000007916269,3.220241,3.23988
2.83500023898006,0.00003087057,-0.0000009050675,3.211569,3.231156
2.8350002487986,0.00003080919,-0.000000944144,3.20853,3.228098
2.83500025453961,0.00003077356,-0.0000009668188,3.206755,3.226312
2.8350002595268,0.00003074277,-0.0000009864145,3.205214,3.224761
2.83500026571207,0.00003070478,-0.000001010589,3.203303,3.222839
2.83500027243995,0.00003066371,-0.000001036723,3.201226,3.220749
2.83500027620364,0.00003064085,-0.00000105127,3.200064,3.219581
2.8350002798984,0.00003061848,-0.000001065501,3.198925,3.218434
2.83500028342269,0.00003059721,-0.000001079029,3.197838,3.217341
2.83500028699652,0.00003057572,-0.000001092701,3.196736,3.216233
2.83500029055743,0.00003055437,-0.000001106279,3.195639,3.215129
2.83500029409007,0.00003053327,-0.000001119704,3.194551,3.214034
2.83500029785176,0.00003051086,-0.00000113395,3.193393,3.212868
2.83500030138086,0.00003048992,-0.00000114727,3.192306,3.211776
2.83500030509503,0.00003046795,-0.000001161241,3.191163,3.210626
2.83500030874586,0.00003044642,-0.000001174926,3.19004,3.209496
2.83500031268022,0.00003042331,-0.000001189622,3.188831,3.208279
2.83500031676734,0.00003039938,-0.000001204831,3.187574,3.207015
2.83500032130927,0.0000303729,-0.000001221665,3.186179,3.205611
2.83500032626497,0.00003034413,-0.000001239951,3.184657,3.20408
2.83500033196881,0.00003031118,-0.000001260893,3.182906,3.202318
2.83500033852027,0.00003027354,-0.00000128481,3.180897,3.200296
2.83500034642068,0.00003022845,-0.000001313457,3.178475,3.19786
2.83500035605431,0.00003017391,-0.000001348105,3.175524,3.194891
2.83500036826205,0.00003010548,-0.000001391564,3.171789,3.191133
2.83500038354649,0.00003002087,-0.000001445282,3.167119,3.186435
2.83500040199623,0.00002992031,-0.000001509107,3.16149,3.180772
2.83500042273275,0.00002980929,-0.000001579532,3.155176,3.17442
2.83500044553634,0.00002968964,-0.0000016554,3.148247,3.167449
2.83500047044842,0.00002956179,-0.000001736424,3.140696,3.159851
2.83500049785425,0.00002942453,-0.000001823354,3.132408,3.151513
2.83500052787806,0.00002927816,-0.000001915983,3.123355,3.142404
2.83500056068063,0.00002912295,-0.000002014132,3.113493,3.132483
2.83500059637788,0.0000289595,-0.000002117396,3.102797,3.121721
2.83500063530986,0.00002878757,-0.000002225896,3.091173,3.110027
2.83500067791122,0.00002860684,-0.000002339818,3.078504,3.09728
2.83500072489164,0.00002841624,-0.000002459788,3.064592,3.083284
2.83500077719966,0.00002821445,-0.000002586586,3.049177,3.067775
2.8350008362458,0.00002799942,-0.000002721433,3.03187,3.050362
2.83500085457639,0.00002793537,-0.000002761537,3.026517,3.044977
2.83500086541945,0.00002789807,-0.000002784875,3.023355,3.041795
2.83500087253588,0.00002787383,-0.000002800039,3.021281,3.039709
2.83500088006958,0.00002784837,-0.00000281596,3.019088,3.037503
2.83500088821585,0.00002782107,-0.000002833025,3.016718,3.035118
2.83500089465428,0.00002779967,-0.000002846403,3.014846,3.033235
2.83500090332881,0.00002777106,-0.000002864273,3.012326,3.030699
2.83500091177986,0.00002774345,-0.000002881514,3.009873,3.028231
2.83500092287171,0.0000277076,-0.000002903894,3.006656,3.024995
2.83500093583538,0.00002766624,-0.000002929693,3.002901,3.021217
2.83500095011851,0.00002762136,-0.000002957677,2.998769,3.01706
2.83500096718678,0.00002756865,-0.000002990516,2.993839,3.0121
2.83500098678352,0.00002750936,-0.000003027422,2.988189,3.006415
2.83500101069502,0.00002743877,-0.000003071317,2.981309,2.999493
2.83500103872215,0.00002735843,-0.000003121201,2.973265,2.9914
2.83500107259859,0.00002726472,-0.000003179286,2.963571,2.981647
2.83500111203613,0.00002716021,-0.000003243932,2.952325,2.970333
2.835001158621,0.00002704292,-0.00000331629,2.939097,2.957024
2.83500121202137,0.00002691641,-0.000003394076,2.924006,2.941841
2.83500127363642,0.00002678057,-0.000003477245,2.90669,2.92442
2.83500134317168,0.00002663971,-0.000003563011,2.887272,2.904883
2.83500142195014,0.00002649527,-0.00000365034,2.865429,2.882907
2.83500151009609,0.00002635161,-0.000003736382,2.841184,2.858515
2.83500160949775,0.00002621085,-0.000003819601,2.814091,2.831256
2.83500172163219,0.00002607706,-0.000003897231,2.783837,2.800818
2.83500185012988,0.00002595352,-0.000003966837,2.749568,2.76634
2.83500199903357,0.00002584616,-0.000004024223,2.710384,2.726918
2.83500217483066,0.00002576311,-0.000004063573,2.664843,2.681099
2.83500238447474,0.00002571739,-0.000004075835,2.611532,2.627464
2.8350026362604,0.00002572659,-0.000004048883,2.548913,2.564464
2.83500293773359,0.00002581179,-0.00000396838,2.475909,2.491014
2.83500328578962,0.00002598812,-0.00000382475,2.394218,2.408826
2.83500360627279,0.00002620738,-0.000003655496,2.32139,2.335553
2.83500394193125,0.00002648047,-0.000003449976,2.247492,2.261204
2.83500425637573,0.00002676653,-0.000003237787,2.180406,2.19371
2.83500458454072,0.00002708802,-0.000003001408,2.112533,2.125424
2.83500490611446,0.00002741998,-0.000002758771,2.04808,2.060578
2.83500524481357,0.00002778293,-0.000002494548,1.982326,1.994422
2.83500558717106,0.00002816006,-0.000002220791,1.918012,1.929716
2.8350059503262,0.00002856837,-0.000001925027,1.852076,1.863379
2.83500632620495,0.00002899754,-0.000001614627,1.786223,1.797124
2.83500672962585,0.00002946357,-0.000001277966,1.718155,1.728641
2.83500715786858,0.00002996272,-0.0000009176884,1.648741,1.658804
2.83500762650498,0.00003051276,-0.0000005209398,1.575997,1.585616
2.83500813887823,0.00003111749,-0.00000008498373,1.50014,1.509296
2.83500871487928,0.00003180039,0.0000004071247,1.41922,1.427882
2.83500936717639,0.00003257675,0.0000009663702,1.332846,1.340981
2.83501012719288,0.00003348444,0.000001620014,1.238818,1.24638
2.8350110270994,0.00003456272,0.000002396273,1.136016,1.142951
2.83501212829157,0.00003588653,0.000003348994,1.021723,1.02796
2.83501350993268,0.00003755318,0.00000454809,0.8943594,0.8998195
2.83501529708442,0.00003971695,0.000006104327,0.7526596,0.7572548
2.83501759022463,0.00004250418,0.000008108264,0.6028019,0.6064825
2.83502030708418,0.00004581901,0.00001049072,0.4628987,0.4657253
2.83502314872012,0.00004929747,0.00001299004,0.3510509,0.3531946
2.83502597013806,0.00005276,0.00001547735,0.2669989,0.2686294
2.83502870857867,0.00005612708,0.00001789569,0.2051494,0.2064022
2.83503139789659,0.00005943842,0.00002027369,0.1588496,0.1598196
2.83503404070607,0.0000626959,0.00002261279,0.12401,0.1247673
2.8350366434766,0.00006590656,0.00002491812,0.09761961,0.09821574
2.83503938466844,0.00006929002,0.00002734739,0.07630049,0.07676642
2.83504236933415,0.00007297582,0.00002999361,0.05879029,0.05914928
2.83504527995007,0.00007657154,0.00003257508,0.04605685,0.04633807
2.83504832059653,0.00008032897,0.00003527259,0.03616399,0.03638479
2.83505129353008,0.00008400353,0.00003791054,0.02900901,0.02918611
2.83505437001468,0.00008780668,0.00004064077,0.0235385,0.02368219
2.8350574398878,0.0000916021,0.00004336542,0.0195288,0.019648
2.83506063027865,0.00009554688,0.00004619728,0.01648302,0.01658361
2.83506387860287,0.00009956356,0.00004908073,0.01423788,0.01432476
2.83506728556633,0.0001037766,0.00005210513,0.01255069,0.01262726
2.8350708251699,0.0001081538,0.00005524738,0.01131377,0.01138278
2.83507459313575,0.0001128135,0.00005859244,0.01040129,0.01046473
2.83507860093837,0.00011777,0.00006215048,0.009745035,0.00980447
2.83508296008005,0.0001231609,0.00006602047,0.009276954,0.00933353
2.83508773012898,0.0001290602,0.00007025529,0.008954537,0.009009143
2.83509306785525,0.0001356615,0.00007499411,0.008739184,0.008792475
2.83509919117497,0.0001432343,0.00008043039,0.008602403,0.008654858
2.8351065550386,0.0001523414,0.00008696802,0.008521185,0.008573145
2.83511551335435,0.0001634203,0.0000949212,0.00848074,0.008532451
2.83512696682475,0.0001775849,0.0001050895,0.00846584,0.008517461
2.83514357363113,0.0001981226,0.0001198329,0.008464453,0.008516065
2.83517085730579,0.000231864,0.0001440549,0.008468197,0.008519832
2.83521575107722,0.0002873824,0.0001839102,0.008470904,0.008522556
2.83530553862008,0.0003984149,0.0002636187,0.00847136,0.008523014
2.8354851137058,0.0006204626,0.0004230272,0.008471093,0.008522746
2.88806760663641,0.06451883,0.04656483,0.008471066,0.008522719
2.94065009956702,0.1266381,0.09179802,0.008471045,0.008522697
2.99323259249763,0.1869781,0.1361226,0.00847103,0.008522682
3.04581508542824,0.245539,0.1795386,0.008471022,0.008522674
3.09839757835885,0.3023208,0.222046,0.008471019,0.008522671
3.15098007128946,0.3573234,0.2636447,0.008471023,0.008522675
3.20356256422007,0.4105469,0.3043349,0.008471033,0.008522685
3.29499113564864,0.4990033,0.3729608,0.008471033,0.008522685
3.3864197070772,0.5834403,0.4393405,0.008471033,0.008522685
3.47784827850576,0.663858,0.5034741,0.008471033,0.008522685
3.56927684993432,0.7402563,0.5653615,0.008471033,0.008522685
3.66070542136288,0.8126353,0.6250028,0.008471033,0.008522685
3.75213399279144,0.8809949,0.6823979,0.008471033,0.008522685
3.84356256422,0.9453351,0.7375469,0.008471033,0.008522685
3.98984827850576,1.040864,0.8214155,0.008471033,0.008522685
4.13613399279151,1.130015,0.9011544,0.008471033,0.008522685
4.28241970707727,1.212787,0.9767635,0.008471033,0.008522685
4.42870542136302,1.28918,1.048243,0.008471033,0.008522685
4.57499113564877,1.359194,1.115592,0.008471032,0.008522685
4.72127684993453,1.422829,1.178812,0.008471032,0.008522685
4.86756256422028,1.480086,1.237902,0.008471032,0.008522685
5.01384827850604,1.533164,1.293817,0.008471032,0.008522685
5.16013399279181,1.582713,1.346989,0.008471032,0.008522685
5.30641970707757,1.628733,1.397417,0.008471032,0.008522685
5.45270542136333,1.671224,1.445103,0.008471032,0.008522685
5.5989911356491,1.710185,1.490046,0.008471032,0.008522685
5.74527684993486,1.745617,1.532245,0.008471032,0.008522685
5.89156256422062,1.777521,1.571702,0.008471032,0.008522685
6.03784827850639,1.807104,1.609047,0.008471032,0.008522685
6.18413399279215,1.834727,1.644567,0.008471032,0.008522685
6.33041970707791,1.860391,1.678261,0.008471032,0.008522685
6.47670542136368,1.884094,1.710131,0.008471032,0.008522685
6.62299113564944,1.905838,1.740175,0.008471032,0.008522685
6.7692768499352,1.925622,1.768393,0.008471032,0.008522685
6.91556256422096,1.943446,1.794787,0.008471032,0.008522685
7.06184827850673,1.959977,1.819774,0.008471032,0.008522685
7.20813399279249,1.975415,1.843543,0.008471032,0.008522685
7.35441970707825,1.989762,1.866096,0.008471032,0.008522685
7.50070542136402,2.003016,1.887431,0.008471032,0.008522685
7.64699113564978,2.015178,1.90755,0.008471032,0.008522685
7.79327684993554,2.026247,1.926451,0.008471032,0.008522685
7.93956256422131,2.036225,1.944136,0.008471032,0.008522685
8.08584827850695,2.045479,1.960881,0.008471032,0.008522685
8.23213399279259,2.054124,1.976812,0.008471032,0.008522685
8.37841970707823,2.062157,1.991931,0.008471032,0.008522685
8.52470542136387,2.069581,2.006236,0.008471032,0.008522685
8.67099113564951,2.076394,2.019729,0.008471032,0.008522685
8.81727684993515,2.082597,2.032408,0.008471032,0.008522685
8.96356256422079,2.088189,2.044274,0.008471032,0.008522685
9.10984827850642,2.093376,2.055511,0.008471032,0.008522685
9.25613399279205,2.098222,2.066203,0.008471032,0.008522685
9.40241970707769,2.102726,2.076352,0.008471032,0.008522685
9.54870542136332,2.106888,2.085956,0.008471032,0.008522685
9.69499113564895,2.110709,2.095015,0.008471032,0.008522685
9.84127684993459,2.114187,2.10353,0.008471032,0.008522685
9.98756256422022,2.117324,2.111501,0.008471032,0.008522685
10.1338482785059,2.120234,2.11905,0.008471032,0.008522685
10.2801339927915,2.122953,2.126235,0.008471032,0.008522685
10.4264197070771,2.12548,2.133054,0.008471032,0.008522685
10.5727054213628,2.127815,2.139508,0.008471032,0.008522685
10.7189911356484,2.129958,2.145597,0.008471032,0.008522685
10.865276849934,2.131911,2.151321,0.008471032,0.008522685
11.0115625642197,2.133671,2.15668,0.008471032,0.008522685
11.1578482785053,2.135304,2.161756,0.008471032,0.008522685
11.3041339927909,2.13683,2.166587,0.008471032,0.008522685
11.4504197070766,2.138248,2.171173,0.008471032,0.008522685
11.5967054213622,2.139558,2.175513,0.008471032,0.008522685
11.7429911356478,2.140762,2.179609,0.008471032,0.008522685
11.8892768499335,2.141857,2.183459,0.008471032,0.008522685
12.0355625642191,2.142846,2.187065,0.008471032,0.008522685
12.1818482785047,2.143762,2.19048,0.008471032,0.008522685
12.3281339927904,2.144619,2.19373,0.008471032,0.008522685
12.474419707076,2.145415,2.196816,0.008471032,0.008522685
12.6207054213616,2.146151,2.199737,0.008471032,0.008522685
12.7669911356473,2.146826,2.202493,0.008471032,0.008522685
12.9132768499329,2.147441,2.205084,0.008471032,0.008522685
13.0595625642185,2.147996,2.207511,0.008471032,0.008522685
13.2058482785042,2.148511,2.209809,0.008471032,0.008522685
13.3521339927898,2.148992,2.211997,0.008471032,0.008522685
13.4984197070754,2.149439,2.214074,0.008471032,0.008522685
13.6447054213611,2.149852,2.216041,0.008471032,0.008522685
13.7909911356467,2.150231,2.217896,0.008471032,0.008522685
13.9372768499323,2.150577,2.219641,0.008471032,0.008522685
14.0835625642179,2.150888,2.221275,0.008471032,0.008522685
14.2223393409011,2.151163,2.222746,0.008471032,0.008522685
14.3611161175843,2.151421,2.22415,0.008471032,0.008522685
14.4998928942674,2.151661,2.225485,0.008471032,0.008522685
14.6386696709506,2.151884,2.226753,0.008471032,0.008522685
14.7774464476337,2.15209,2.227954,0.008471032,0.008522685
14.9162232243168,2.152278,2.229086,0.008471032,0.008522685
15.055000001,2.152449,2.230151,0.008471032,0.008522685
15.0550000015607,2.152449,2.230151,0.008471032,0.008522685
15.0550000015823,2.152449,2.230151,0.008471032,0.008522685
15.0550000015994,2.152449,2.230151,0.008471032,0.008522685
15.0550000016044,2.152449,2.230151,0.008471032,0.008522685
15.0550000016094,2.152449,2.230151,0.008471032,0.008522685
15.0550000016146,2.152449,2.230151,0.008471032,0.008522685
15.0550000016221,2.152449,2.230151,0.008471032,0.008522685
15.0550000016366,2.152449,2.230151,0.008471032,0.008522685
15.0550000016518,2.152449,2.230151,0.008471032,0.008522685
15.0550000016684,2.152449,2.230151,0.008471031,0.008522684
15.0550000016892,2.152449,2.230151,0.008471031,0.008522684
15.0550000017159,2.152449,2.230151,0.00847103,0.008522683
15.0550000017553,2.152449,2.230151,0.008471028,0.008522681
15.0550000018084,2.152449,2.230151,0.008471026,0.008522679
15.0550000018692,2.152449,2.230151,0.008471023,0.008522676
15.0550000019381,2.152449,2.230151,0.00847102,0.008522672
15.055000002,2.152449,2.230151,0.008471016,0.008522668
15.0550000020556,2.152449,2.230151,0.008471012,0.008522665
15.0550000021192,2.152449,2.230151,0.008471007,0.00852266
15.0550000022463,2.152449,2.230151,0.008470999,0.008522652
15.0550000023688,2.152449,2.230151,0.00847099,0.008522643
15.055000002534,2.152449,2.230151,0.008470978,0.008522631
15.0550000027024,2.152449,2.230151,0.008470965,0.008522618
15.0550000029269,2.152449,2.230151,0.008470948,0.008522601
15.0550000031848,2.152449,2.230151,0.008470928,0.008522581
15.0550000035551,2.152449,2.230151,0.0084709,0.008522552
15.0550000040572,2.152449,2.230151,0.008470861,0.008522514
15.0550000047568,2.152449,2.230151,0.008470808,0.00852246
15.0550000055396,2.152449,2.230151,0.008470748,0.008522401
15.0550000066088,2.152449,2.230151,0.008470665,0.008522318
15.0550000077747,2.152449,2.230151,0.008470574,0.008522227
15.0550000092147,2.152449,2.230151,0.008470464,0.008522116
15.055000010718,2.152449,2.230151,0.008470346,0.008521999
15.0550000122429,2.152449,2.230151,0.008470228,0.008521881
15.0550000137925,2.152449,2.230151,0.008470107,0.00852176
15.0550000153736,2.152449,2.230151,0.008469984,0.008521637
15.0550000170241,2.152449,2.230151,0.008469855,0.008521507
15.0550000187642,2.152449,2.230151,0.008469719,0.008521372
15.0550000206352,2.152449,2.230151,0.008469573,0.008521226
15.055000022668,2.152449,2.230151,0.008469414,0.008521067
15.0550000249187,2.152449,2.230151,0.008469239,0.008520892
15.0550000274471,2.152449,2.230151,0.008469041,0.008520694
15.0550000303519,2.152449,2.230151,0.008468815,0.008520467
15.0550000337628,2.152449,2.230151,0.008468549,0.008520202
15.0550000378924,2.152449,2.230151,0.008468227,0.00851988
15.0550000430734,2.152449,2.230151,0.008467824,0.008519477
15.0550000499134,2.152449,2.230151,0.008467293,0.008518946
15.0550000596264,2.152449,2.230151,0.008466541,0.008518194
15.0550000751411,2.152449,2.230151,0.008465342,0.008516996
15.0550001055478,2.152449,2.230151,0.008463009,0.008514663
15.055000162084,2.152449,2.230151,0.00845872,0.008510375
15.0550002187502,2.152449,2.230151,0.008454479,0.008506138
15.0550002981968,2.152449,2.230151,0.008448623,0.008500287
15.0550003911766,2.152449,2.230151,0.008441878,0.008493553
15.0550005063987,2.152449,2.230151,0.008433626,0.008485322
15.0550005998901,2.152449,2.230151,0.008426955,0.008478677
15.055000686391,2.152449,2.230151,0.008420726,0.008472484
15.0550007880215,2.152449,2.230151,0.008413191,0.008465018
15.0550008385063,2.152449,2.230151,0.008409336,0.008461214
15.0550008778483,2.152449,2.230151,0.008406286,0.008458213
15.0550009120361,2.152449,2.230151,0.008403631,0.008455611
15.0550009476778,2.152449,2.230151,0.008400913,0.008452961
15.0550009860503,2.152449,2.230151,0.008398151,0.008450287
15.0550010275802,2.152449,2.230151,0.008395523,0.008447774
15.055001071444,2.152449,2.230151,0.008393378,0.008445771
15.0550011079098,2.152449,2.230151,0.008392232,0.008444759
15.0550011387016,2.152449,2.23015,0.008391798,0.008444447
15.0550011710665,2.152449,2.23015,0.008391929,0.008444713
15.0550012076677,2.152449,2.23015,0.008392849,0.008445796
15.0550012558403,2.152449,2.23015,0.008395353,0.008448523
15.055001316427,2.152449,2.23015,0.008400599,0.008454061
15.0550013990251,2.152449,2.23015,0.008411339,0.008465209
15.0550014846404,2.152449,2.23015,0.00842655,0.008480847
15.0550015951245,2.152449,2.23015,0.00845182,0.008506668
15.0550016908465,2.152449,2.23015,0.008478495,0.008533821
15.0550018108326,2.152449,2.23015,0.008517668,0.008573592
15.0550019388633,2.152449,2.23015,0.008565895,0.008622459
15.0550021840737,2.152449,2.23015,0.008674268,0.008732055
15.0550024958394,2.152448,2.23015,0.008837301,0.008896645
15.0550028402517,2.152448,2.23015,0.009043282,0.009104345
15.0550031567996,2.152448,2.23015,0.009251021,0.009313663
15.0550034296519,2.152448,2.23015,0.00944091,0.009504913
15.0550036667701,2.152448,2.23015,0.009612218,0.009677404
15.0550038656277,2.152448,2.23015,0.009759467,0.009825643
15.0550040598163,2.152448,2.230149,0.009905789,0.009972933
15.055004256932,2.152448,2.230149,0.01005641,0.01012453
15.0550044972282,2.152448,2.230149,0.01024231,0.01031163
15.0550047496378,2.152448,2.230149,0.01043977,0.01051035
15.0550049850843,2.152448,2.230149,0.01062558,0.01069733
15.0550051509233,2.152447,2.230149,0.01075724,0.01082982
15.0550053475103,2.152447,2.230149,0.01091399,0.01098755
15.0550054407914,2.152447,2.230149,0.0109886,0.01106262
15.0550055866626,2.152447,2.230149,0.01110551,0.01118025
15.0550057305237,2.152447,2.230149,0.01122106,0.01129652
15.0550059598891,2.152447,2.230149,0.01140574,0.01148234
15.0550061860076,2.152447,2.230149,0.01158824,0.01166597
15.0550063697118,2.152447,2.230149,0.01173678,0.01181542
15.0550065362618,2.152447,2.230149,0.01187162,0.0119511
15.0550067080676,2.152447,2.230149,0.01201087,0.0120912
15.0550068889325,2.152447,2.230149,0.01215759,0.01223882
15.0550070924722,2.152447,2.230149,0.01232284,0.01240508
15.055007277014,2.152447,2.230149,0.01247277,0.01255593
15.0550074030717,2.152447,2.230149,0.01257523,0.01265902
15.0550074902319,2.152447,2.230149,0.0126461,0.01273032
15.0550076069716,2.152447,2.230149,0.01274104,0.01282584
15.0550076589327,2.152447,2.230149,0.0127833,0.01286836
15.0550077324652,2.152447,2.230149,0.01284312,0.01292854
15.0550078100409,2.152447,2.230149,0.01290624,0.01299205
15.055007910774,2.152447,2.230148,0.01298821,0.01307452
15.0550080461243,2.152447,2.230148,0.01309837,0.01318535
15.0550082450765,2.152447,2.230148,0.01326032,0.01334829
15.0550084700778,2.152447,2.230148,0.01344352,0.01353261
15.0550086840219,2.152446,2.230148,0.01361774,0.0137079
15.0550088509128,2.152446,2.230148,0.01375367,0.01384465
15.0550090002388,2.152446,2.230148,0.0138753,0.01396702
15.0550091522002,2.152446,2.230148,0.01399908,0.01409156
15.0550093317399,2.152446,2.230148,0.01414533,0.0142387
15.0550095554451,2.152446,2.230148,0.01432757,0.01442205
15.0550097981666,2.152446,2.230148,0.0145253,0.014621
15.0550100395314,2.152446,2.230148,0.01472194,0.01481883
15.0550102791131,2.152446,2.230148,0.01491712,0.0150152
15.0550105085017,2.152446,2.230148,0.01510399,0.01520321
15.0550107288999,2.152446,2.230148,0.01528353,0.01538385
15.0550109044043,2.152446,2.230148,0.0154265,0.01552769
15.0550110556424,2.152446,2.230148,0.0155497,0.01565164
15.0550112131155,2.152446,2.230148,0.01567798,0.0157807
15.0550113780713,2.152445,2.230148,0.01581234,0.01591589
15.0550116159772,2.152445,2.230148,0.01600613,0.01611085
15.0550118862046,2.152445,2.230148,0.01622622,0.01633229
15.0550122342317,2.152445,2.230147,0.01650967,0.01661747
15.0550125531585,2.152445,2.230147,0.0167694,0.01687878
15.0550128987955,2.152445,2.230147,0.01705086,0.01716195
15.0550132195711,2.152445,2.230147,0.01731205,0.01742474
15.0550135586211,2.152445,2.230147,0.01758811,0.01770248
15.0550138874519,2.152445,2.230147,0.01785582,0.01797182
15.0550142350764,2.152444,2.230147,0.0181388,0.01825653
15.0550145828483,2.152444,2.230147,0.01842189,0.01854134
15.0550149511928,2.152444,2.230147,0.01872169,0.01884298
15.055015328591,2.152444,2.230147,0.01902883,0.01915199
15.0550157375386,2.152444,2.230147,0.01936162,0.01948681
15.0550161996361,2.152444,2.230147,0.01973762,0.0198651
15.0550167204961,2.152443,2.230146,0.02016138,0.02029145
15.0550173239957,2.152443,2.230146,0.02065231,0.02078537
15.0550180231843,2.152443,2.230146,0.02122098,0.02135751
15.0550188586794,2.152443,2.230146,0.02190039,0.02204106
15.0550198740668,2.152442,2.230146,0.02272589,0.02287159
15.0550211653611,2.152442,2.230145,0.02377539,0.0239275
15.0550228844527,2.152441,2.230145,0.02517207,0.0253327
15.055025377965,2.152441,2.230145,0.02719687,0.02736985
15.0550286746178,2.152439,2.230144,0.02987191,0.0300612
15.0550334744617,2.152438,2.230143,0.03376276,0.03397579
15.0550390436067,2.152436,2.230142,0.03827141,0.03851193
15.0550454168367,2.152433,2.23014,0.04342335,0.0436953
15.0550514827613,2.152431,2.230139,0.04831928,0.04862109
15.0550588839018,2.152429,2.230137,0.05428288,0.05462106
15.0550657721736,2.152426,2.230136,0.05982335,0.06019532
15.0550732563922,2.152424,2.230134,0.06583238,0.06624101
15.0550826595338,2.152421,2.230132,0.07336625,0.07382083
15.0550923113758,2.152417,2.23013,0.08108104,0.08158267
15.0551019907259,2.152414,2.230128,0.08879921,0.08934791
15.0551128227501,2.15241,2.230125,0.09741445,0.0980157
15.0551232407373,2.152406,2.230123,0.1056785,0.1063301
15.0551352046958,2.152402,2.23012,0.1151424,0.1158518
15.0551459960051,2.152398,2.230118,0.1236546,0.1244159
15.055157042076,2.152395,2.230115,0.132344,0.1331583
15.0551688721757,2.15239,2.230113,0.1416237,0.1424946
15.0551807006674,2.152386,2.23011,0.1508748,0.1518021
15.0551931449482,2.152382,2.230107,0.1605781,0.1615646
15.0552063992287,2.152377,2.230104,0.17088,0.1719294
15.0552214826671,2.152372,2.230101,0.1825623,0.1836829
15.055238826402,2.152366,2.230097,0.195941,0.1971432
15.0552593853353,2.152359,2.230093,0.2117252,0.2130237
15.0552842552297,2.15235,2.230087,0.2307114,0.2321257
15.0553153915002,2.152339,2.23008,0.2543162,0.2558745
15.0553561414183,2.152325,2.230071,0.284934,0.2866791
15.0554130645941,2.152305,2.230059,0.3271872,0.3291901
15.0555006726958,2.152275,2.230039,0.3910601,0.3934526
15.0556583533083,2.15222,2.230004,0.5025834,0.5056562
15.0559737145333,2.152109,2.229935,0.7130445,0.7174014
15.0563933795928,2.151963,2.229841,0.9689495,0.9748679
15.0568541084521,2.151782,2.229725,1.220928,1.228384
15.0569644085317,2.151725,2.229686,1.276916,1.284713
15.0570939594138,2.151615,2.229608,1.34069,1.348875
15.0571559083314,2.151529,2.229546,1.370445,1.37881
15.0572141714747,2.15141,2.229458,1.398,1.406531
15.057261655501,2.151269,2.229352,1.420152,1.428814
15.0573020930604,2.151102,2.229227,1.438798,1.447569
15.0573353633722,2.150922,2.229091,1.453987,1.462845
15.0573622597901,2.15074,2.228953,1.466164,1.475089
15.0573833441046,2.150569,2.228824,1.475644,1.48462
15.0574033478743,2.15038,2.228681,1.484584,1.493606
15.0574229105671,2.150166,2.22852,1.493273,1.502339
15.0574423924906,2.14992,2.228334,1.501873,1.510979
15.0574667982852,2.149558,2.22806,1.512568,1.521719
15.0574954312878,2.149042,2.227672,1.524998,1.534197
15.0575231119695,2.148436,2.227215,1.53689,1.546129
15.0575408215248,2.147984,2.226875,1.544431,1.553692
15.0575462262336,2.147836,2.226764,1.546722,1.55599
15.0575514271992,2.147688,2.226653,1.548922,1.558196
15.0575544372437,2.147601,2.226588,1.550193,1.559471
15.0575547760597,2.147591,2.22658,1.550336,1.559615
15.0575550296585,2.147583,2.226574,1.550443,1.559724
15.0575553868061,2.147573,2.226567,1.550594,1.559879
15.0575557192186,2.147563,2.226559,1.550734,1.560023
15.0575560747033,2.147552,2.226551,1.550884,1.560177
15.0575565231344,2.147539,2.226541,1.551073,1.560372
15.0575582786183,2.147486,2.226502,1.551813,1.561133
15.0575597300779,2.147442,2.22647,1.552424,1.561762
15.0575617118171,2.147381,2.226426,1.553259,1.56262
15.0575656752955,2.147257,2.226339,1.554925,1.564337
15.0575699836736,2.147119,2.226243,1.556733,1.566201
15.0575706322221,2.147098,2.226228,1.557006,1.566481
15.0575709688427,2.147087,2.226221,1.557147,1.566627
15.0575712131827,2.147079,2.226216,1.55725,1.566732
15.0575714077761,2.147072,2.226211,1.557333,1.566816
15.0575716510116,2.147064,2.226206,1.557437,1.566921
15.0575719563739,2.147054,2.226199,1.557568,1.567053
15.0575722590463,2.147044,2.226192,1.557698,1.567184
15.057572651484,2.147032,2.226184,1.557866,1.567354
15.0575733081166,2.14701,2.226169,1.558148,1.567638
15.057574313482,2.146977,2.226147,1.558579,1.568072
15.0575753649976,2.146942,2.226124,1.559031,1.568526
15.0575772151804,2.146882,2.226082,1.559824,1.569325
15.0575797883683,2.146797,2.226025,1.560928,1.570436
15.0575849347443,2.146627,2.225911,1.563132,1.572654
15.0575910701111,2.146425,2.225775,1.565758,1.575296
15.0575993307965,2.146153,2.225591,1.569286,1.578847
15.0576098612622,2.145806,2.225357,1.573774,1.583362
15.0576236561287,2.14535,2.225049,1.579636,1.58926
15.0576408620939,2.144782,2.224666,1.586919,1.596588
15.0576623780922,2.144071,2.224187,1.595984,1.605708
15.0576886916696,2.143201,2.2236,1.607004,1.616796
15.0577205891521,2.142146,2.222888,1.620266,1.630139
15.0577586158979,2.140887,2.222039,1.63594,1.645909
15.0578034081904,2.139405,2.22104,1.654213,1.664294
15.0578554137259,2.137684,2.219878,1.675175,1.685384
15.0579150350232,2.135712,2.218547,1.698875,1.709228
15.0579825552087,2.133479,2.21704,1.725294,1.735808
15.0580582820639,2.130976,2.21535,1.754399,1.765091
15.0581426318259,2.12819,2.213468,1.786179,1.797065
15.0582362807143,2.125101,2.21138,1.820688,1.831785
15.0583402491036,2.121675,2.209064,1.858069,1.869394
15.0584559702294,2.117868,2.206487,1.898553,1.910125
15.0585853231475,2.113619,2.203611,1.942446,1.954285
15.0587306721545,2.108855,2.200382,1.990109,2.002239
15.0589014053721,2.103271,2.196596,2.043937,2.056396
15.0591179996882,2.096207,2.191801,2.109021,2.121877
15.0593978212212,2.087115,2.185621,2.188093,2.201431
15.0597685798409,2.075128,2.177458,2.284779,2.298708
15.0602769936491,2.0588,2.166313,2.403795,2.41845
15.0610046357907,2.035653,2.15046,2.550316,2.565865
15.0620046357907,2.004262,2.12886,2.713659,2.730204
15.0630046357907,1.973353,2.107476,2.841124,2.858447
15.0640046357907,1.942919,2.086306,2.940154,2.958081
15.0650046357907,1.912954,2.065348,3.016932,3.035327
15.0660046357907,1.883451,2.0446,3.076399,3.095157
15.0670046357907,1.854402,2.024061,3.122436,3.141475
15.0680046357907,1.825801,2.003727,3.158068,3.177325
15.0690046357907,1.79764,1.983598,3.185644,3.205069
15.0700046357907,1.769914,1.963671,3.206984,3.226539
15.0710046357907,1.742616,1.943944,3.223498,3.243154
15.0720046357907,1.715739,1.924415,3.236277,3.256011
15.0730046357907,1.689276,1.905082,3.246166,3.26596
15.0740046357907,1.663221,1.885943,3.253818,3.273659
15.0750046357907,1.637568,1.866997,3.25974,3.279616
15.0760046357907,1.61231,1.848241,3.264322,3.284226
15.0770046357907,1.587443,1.829673,3.267868,3.287794
15.0780046357907,1.562958,1.811292,3.270612,3.290555
15.0790046357907,1.538852,1.793095,3.272735,3.292691
15.0800046357907,1.515117,1.775082,3.274378,3.294344
15.0810046357907,1.491748,1.757249,3.27565,3.295623
15.0820046357906,1.46874,1.739595,3.276634,3.296613
15.0830046357906,1.446087,1.722119,3.277395,3.297379
15.0840046357907,1.423782,1.704818,3.277984,3.297972
15.0850046357907,1.401822,1.687691,3.27844,3.29843
15.0860046357906,1.380201,1.670737,3.278793,3.298785
15.0870046357907,1.358913,1.653952,3.279066,3.29906
15.0880046357907,1.337954,1.637336,3.279277,3.299273
15.0900046357907,1.297,1.604603,3.279567,3.299564
15.0930046357907,1.237907,1.556727,3.279799,3.299798
15.0951474929335,1.197457,1.523444,3.279864,3.299864
15.0972903500764,1.158231,1.490837,3.279917,3.299917
15.0994332072192,1.120229,1.458905,3.279958,3.299957
15.1015760643621,1.083451,1.42765,3.279986,3.299986
15.1037189215049,1.047896,1.39707,3.280001,3.300001
15.1058617786478,1.013566,1.367167,3.280005,3.300005
15.1080046357906,0.980459,1.33794,3.279995,3.299995
15.1138617786478,0.8965499,1.261688,3.279997,3.299997
15.1197189215049,0.8186074,1.189256,3.279999,3.299999
15.1255760643621,0.7466316,1.120644,3.28,3.3
15.1314332072192,0.6806224,1.055853,3.28,3.3
15.1372903500763,0.6205798,0.9948809,3.28,3.3
15.1431474929335,0.5665038,0.9377292,3.28,3.3
15.1490046357906,0.5183945,0.8843974,3.28,3.3
15.1548617786478,0.4740308,0.8339934,3.28,3.3
15.1607189215049,0.4328218,0.7861146,3.28,3.3
15.166576064362,0.3947674,0.7407608,3.28,3.3
15.1724332072192,0.3598676,0.6979321,3.28,3.3
15.1782903500763,0.3281224,0.6576285,3.28,3.3
15.1841474929335,0.2995319,0.6198501,3.28,3.3
15.1900046357906,0.274096,0.5845968,3.28,3.3
15.1958617786477,0.2506404,0.5512786,3.28,3.3
15.2017189215049,0.2288527,0.5196297,3.28,3.3
15.207576064362,0.208733,0.4896499,3.28,3.3
15.2134332072192,0.1902811,0.4613392,3.28,3.3
15.2192903500763,0.1734971,0.4346977,3.28,3.3
15.2251474929334,0.1583809,0.4097254,3.28,3.3
15.2310046357906,0.1449327,0.3864222,3.28,3.3
15.2368617786477,0.1325315,0.3643982,3.28,3.3
15.2427189215049,0.1210121,0.3434776,3.28,3.3
15.248576064362,0.1103746,0.3236604,3.28,3.3
15.2544332072191,0.1006189,0.3049464,3.28,3.3
15.2602903500763,0.09174499,0.2873358,3.28,3.3
15.2661474929334,0.08375293,0.2708286,3.28,3.3
15.2720046357906,0.0766427,0.2554247,3.28,3.3
15.2780046357905,0.06993841,0.2405271,3.28,3.3
15.2840046357905,0.06371982,0.2263912,3.28,3.3
15.2900046357905,0.05798692,0.213017,3.28,3.3
15.2960046357905,0.05273972,0.2004043,3.28,3.3
15.3020046357905,0.04797822,0.1885534,3.28,3.3
15.3080046357905,0.04370241,0.177464,3.28,3.3
15.3140046357905,0.0399123,0.1671364,3.28,3.3
15.3201474929334,0.03634582,0.1571663,3.28,3.3
15.3262903500762,0.03304244,0.1477161,3.28,3.3
15.3324332072191,0.03000214,0.1387858,3.28,3.3
15.3385760643619,0.02722494,0.1303754,3.28,3.3
15.3447189215048,0.02471082,0.1224849,3.28,3.3
15.3508617786476,0.0224598,0.1151144,3.28,3.3
15.3570046357905,0.02047187,0.1082637,3.28,3.3
15.3634332072191,0.01856604,0.1015192,3.28,3.3
15.3698617786476,0.01680574,0.09514011,3.28,3.3
15.3762903500762,0.015191,0.08912629,3.28,3.3
15.3827189215048,0.0137218,0.08347778,3.28,3.3
15.3891474929333,0.01239814,0.0781946,3.28,3.3
15.3955760643619,0.01122003,0.07327674,3.28,3.3
15.4020046357905,0.01018747,0.06872419,3.28,3.3
15.4088617786476,0.009183148,0.06417211,3.28,3.3
15.4157189215048,0.008259336,0.05988013,3.28,3.3
15.4225760643619,0.007416032,0.05584824,3.28,3.3
15.429433207219,0.006653237,0.05207645,3.28,3.3
15.4362903500762,0.005970949,0.04856475,3.28,3.3
15.4431474929333,0.00536917,0.04531315,3.28,3.3
15.4500046357904,0.004847899,0.04232165,3.28,3.3
15.4578617786476,0.004309548,0.0391345,3.28,3.3
15.4657189215047,0.003818864,0.03615073,3.28,3.3
15.4735760643619,0.003375846,0.03337033,3.28,3.3
15.481433207219,0.002980494,0.03079331,3.28,3.3
15.4892903500761,0.002632809,0.02841967,3.28,3.3
15.4971474929333,0.00233279,0.02624941,3.28,3.3
15.5050046357904,0.002080437,0.02428252,3.28,3.3
15.5147189215047,0.001804715,0.02205581,3.28,3.3
15.524433207219,0.001557262,0.0199968,3.28,3.3
15.5341474929333,0.001338077,0.01810551,3.28,3.3
15.5438617786475,0.001147161,0.01638192,3.28,3.3
15.5535760643618,0.0009845128,0.01482605,3.28,3.3
15.5632903500761,0.0008501334,0.01343788,3.28,3.3
15.5730046357904,0.0007440225,0.01221742,3.28,3.3
15.583433207219,0.0006422386,0.01102197,3.28,3.3
15.5938617786475,0.000551388,0.009921507,3.28,3.3
15.6042903500761,0.0004714705,0.008916039,3.28,3.3
15.6147189215046,0.0004024863,0.008005563,3.28,3.3
15.6251474929332,0.0003444354,0.00719008,3.28,3.3
15.6355760643618,0.0002973176,0.00646959,3.28,3.3
15.6460046357903,0.0002611331,0.005844093,3.28,3.3
15.6577189215046,0.0002250759,0.005208939,3.28,3.3
15.6694332072189,0.0001931875,0.004628759,3.28,3.3
15.6811474929332,0.0001654677,0.004103554,3.28,3.3
15.6928617786475,0.0001419165,0.003633323,3.28,3.3
15.7045760643617,0.0001225341,0.003218066,3.28,3.3
15.716290350076,0.0001073203,0.002857785,3.28,3.3
15.7280046357903,0.00009627522,0.002552477,3.28,3.3
15.7424332072189,0.00008437192,0.002219162,3.28,3.3
15.7568617786474,0.00007402421,0.001919221,3.28,3.3
15.771290350076,0.00006523207,0.001652654,3.28,3.3
15.7857189215046,0.00005799552,0.00141946,3.28,3.3
15.8001474929331,0.00005231454,0.00121964,3.28,3.3
15.8145760643617,0.00004818914,0.001053193,3.28,3.3
15.8290046357902,0.00004561933,0.00092012,3.28,3.3
15.8344332072188,0.000044558,0.0008713409,3.28,3.3
15.8398617786474,0.00004356778,0.0008248537,3.28,3.3
15.8452903500759,0.00004264868,0.0007806586,3.28,3.3
15.8507189215045,0.00004180069,0.0007387553,3.28,3.3
15.8561474929331,0.00004102381,0.0006991441,3.28,3.3
15.8615760643616,0.00004031805,0.0006618248,3.28,3.3
15.8670046357902,0.0000396834,0.0006267975,3.28,3.3
15.8901474929331,0.00003777298,0.0005063796,3.28,3.3
15.9132903500759,0.00003617662,0.0004020636,3.28,3.3
15.9364332072188,0.00003489433,0.0003138495,3.28,3.3
15.9595760643616,0.0000339261,0.0002417372,3.28,3.3
15.9827189215045,0.00003327194,0.0001857268,3.28,3.3
16.0058617786473,0.00003293184,0.0001458182,3.28,3.3
16.0290046357902,0.0000329058,0.0001220115,3.28,3.3
16.0631474929331,0.00003271558,0.00009121901,3.28,3.3
16.097290350076,0.00003256117,0.00006540051,3.28,3.3
16.1314332072189,0.00003244255,0.00004455602,3.28,3.3
16.1655760643618,0.00003235972,0.00002868553,3.28,3.3
16.1997189215047,0.0000323127,0.00001778905,3.28,3.3
16.2338617786476,0.00003230148,0.00001186657,3.28,3.3
16.2680046357905,0.00003232605,0.0000109181,3.28,3.3
16.3191474929334,0.00003232065,0.000007469652,3.28,3.3
16.3702903500763,0.00003231637,0.000004665168,3.28,3.3
16.4214332072192,0.00003231319,0.000002504646,3.28,3.3
16.4725760643622,0.00003231114,0.0000009880862,3.28,3.3
16.5237189215051,0.00003231019,0.0000001154888,3.28,3.3
16.574861778648,0.00003231035,-0.0000001131463,3.28,3.3
16.6260046357909,0.00003231163,0.0000003021809,3.28,3.3
16.6638617786481,0.00003231162,0.0000002233221,3.28,3.3
16.7017189215053,0.0000323116,0.0000001577494,3.28,3.3
16.7395760643625,0.00003231159,0.0000001054626,3.28,3.3
16.7774332072197,0.00003231158,0.00000006646186,3.28,3.3
16.8152903500769,0.00003231158,0.00000004074704,3.28,3.3
16.8531474929341,0.00003231158,0.00000002831821,3.28,3.3
16.8910046357912,0.00003231158,0.00000002917534,3.28,3.3
17.0027189215057,0.00003231158,0.00000002101007,3.28,3.3
17.1144332072201,0.00003231158,0.00000001460697,3.28,3.3
17.2261474929345,0.00003231158,0.000000009966069,3.28,3.3
17.3378617786489,0.00003231158,0.00000000708735,3.28,3.3
17.4495760643634,0.00003231158,0.000000005970818,3.28,3.3
17.5612903500778,0.00003231158,0.000000006616472,3.28,3.3
17.6730046357922,0.00003231158,0.000000009024312,3.28,3.3
17.9150046357925,0.00003231158,0.000000009017486,3.28,3.3
18.0612903500784,0.00003231158,0.000000009017213,3.28,3.3
18.2075760643643,0.00003231158,0.000000009017,3.28,3.3
18.3538617786502,0.00003231158,0.000000009016847,3.28,3.3
18.5001474929361,0.00003231158,0.000000009016755,3.28,3.3
18.646433207222,0.00003231158,0.000000009016722,3.28,3.3
18.7927189215079,0.00003231158,0.00000000901675,3.28,3.3
18.9390046357938,0.00003231158,0.000000009016838,3.28,3.3
19.963004635795,0.00003231158,0.000000009016838,3.28,3.3
19.995,0.00003231158,0.000000009016838,3.28,3.3
