0.94,3.27387
0.95,3.30402
0.96,3.28392
0.97,3.27387
0.98,3.28894
0.99,3.27387
1,3.28894
1.01,3.27387
1.02,3.29899
1.03,3.28894
1.04,3.26884
1.05,3.26884
1.06,3.30402
1.07,3.28392
1.08,-0.00754
1.09,-0.00754
1.1,-0.01256
1.11,-0.00251
1.12,-0.02261
1.13,-0.00754
1.14,-0.02764
1.15,-0.00754
1.16,-0.00251
1.17,0.00754
1.18,0.00251
1.19,2.16834
1.2,3.17337
1.21,3.26884
1.22,3.30402
1.23,3.30402
1.24,3.30402
1.25,3.28894
1.26,3.28894
1.27,3.28894
1.28,3.29397
1.29,3.28392
1.3,3.26884
1.31,3.27387
1.32,3.28392
1.33,3.28392
1.34,3.27387
1.35,3.26884
1.36,3.27889
1.37,3.28392
1.38,3.28392
1.39,3.28894
1.4,3.28894
1.41,3.28392
1.42,3.28894
1.43,3.27387
1.44,3.28392
1.45,3.28894
1.46,3.28894
1.47,3.29899
1.48,3.29899
1.49,3.28894
1.5,3.26382
1.51,3.28894
1.52,3.28894
1.53,3.28894
1.54,3.28392
1.55,3.27387
1.56,3.28392
1.57,3.30402
1.58,3.28894
1.59,3.27387
1.6,3.27387
1.61,3.27387
1.62,3.30402
1.63,3.28894
1.64,3.27387
1.65,3.28894
1.66,3.30402
1.67,3.28894
1.68,3.28392
1.69,3.28894
1.7,3.28894
1.71,3.28894
1.72,3.28894
1.73,3.30905
1.74,3.26884
1.75,3.29899
1.76,3.28894
1.77,3.26884
1.78,3.28392
1.79,3.29397
1.8,3.28894
1.81,3.28894
1.82,3.28894
1.83,3.27387
1.84,3.30402
1.85,3.28894
1.86,3.28894
1.87,3.28392
1.88,3.28894
1.89,3.28894
1.9,3.28894
1.91,3.28392
1.92,3.28894
1.93,3.28894
1.94,3.28392
1.95,3.28392
1.96,3.28894
1.97,3.28894
1.98,3.28392
1.99,3.28392
2,3.26884
2.01,3.28392
2.02,3.27387
2.03,3.26884
2.04,3.29397
2.05,3.30402
2.06,3.29899
2.07,3.26884
2.08,3.30402
2.09,3.27387
2.1,3.28392
2.11,3.28392
2.12,3.26884
2.13,3.27889
2.14,3.28894
2.15,3.26884
2.16,3.27387
2.17,3.28392
2.18,3.28392
2.19,3.29899
2.2,3.28894
2.21,3.30402
2.22,3.28894
2.23,3.28894
2.24,3.28894
2.25,3.28392
2.26,3.28894
2.27,3.26884
2.28,3.28392
2.29,3.28894
2.3,3.27387
2.31,3.28392
2.32,3.28894
2.33,3.28894
2.34,3.28392
2.35,3.28392
2.36,3.29397
2.37,3.28392
2.38,3.28894
2.39,3.28392
2.4,3.28894
2.41,3.28392
2.42,3.28894
2.43,3.27387
2.44,3.28894
2.45,3.27387
2.46,3.30402
2.47,3.28894
2.48,3.28392
2.49,3.28894
2.5,3.28894
2.51,3.28894
2.52,3.26884
2.53,3.28894
2.54,3.27889
2.55,3.27387
2.56,3.28392
2.57,3.28894
2.58,3.28894
2.59,3.28894
2.6,3.29899
2.61,3.26884
2.62,3.28392
2.63,3.29397
2.64,3.28392
2.65,3.28894
2.66,3.27387
2.67,3.27387
2.68,3.28894
2.69,3.28894
2.7,3.28392
2.71,3.28894
2.72,3.27387
2.73,3.30402
2.74,3.27387
2.75,3.28894
2.76,3.30402
2.77,3.28894
2.78,3.28894
2.79,3.28894
2.8,3.28894
2.81,3.28392
2.82,-0.00754
2.83,-0.00754
2.84,-0.00754
2.85,0.00251
2.86,-0.01256
2.87,-0.02764
2.88,-0.00754
2.89,-0.00754
2.9,-0.00754
2.91,-0.02261
2.92,-0.00754
2.93,-0.00754
2.94,0.00754
2.95,-0.00754
2.96,-0.02261
2.97,-0.00251
2.98,-0.00754
2.99,-0.02261
3,-0.01759
3.01,-0.00754
3.02,-0.02261
3.03,-0.00754
3.04,-0.00251
3.05,-0.00754
3.06,-0.01256
3.07,-0.00754
3.08,-0.00754
3.09,-0.00754
3.1,-0.00754
3.11,-0.00251
3.12,-0.01256
3.13,-0.00754
3.14,-0.00754
3.15,-0.01256
3.16,-0.00754
3.17,-0.00754
3.18,-0.00754
3.19,-0.00754
3.2,-0.00251
3.21,-0.00754
3.22,-0.00754
3.23,-0.00754
3.24,-0.02261
3.25,-0.02261
3.26,-0.02261
3.27,-0.00754
3.28,-0.01256
3.29,-0.00251
3.3,-0.00754
3.31,0.00754
3.32,-0.00754
3.33,-0.01256
3.34,-0.00754
3.35,-0.00754
3.36,-0.00754
3.37,-0.02261
3.38,-0.00754
3.39,-0.00754
3.4,-0.00754
3.41,-0.00754
3.42,-0.00754
3.43,-0.00251
3.44,-0.02261
3.45,-0.00251
3.46,-0.00754
3.47,-0.02764
3.48,-0.00754
3.49,-0.00754
3.5,0.00754
3.51,-0.02261
3.52,0.00754
3.53,-0.00754
3.54,-0.00754
3.55,-0.00754
3.56,-0.00754
3.57,-0.00251
3.58,-0.00251
3.59,-0.01256
3.6,-0.00754
3.61,-0.00754
3.62,-0.00754
3.63,-0.01759
3.64,0.01256
3.65,-0.00754
3.66,-0.00754
3.67,-0.00754
3.68,-0.00754
3.69,-0.01256
3.7,-0.00251
3.71,-0.00754
3.72,-0.00754
3.73,0.00754
3.74,-0.00754
3.75,0.00754
3.76,-0.01256
3.77,0.01256
3.78,-0.00754
3.79,-0.00754
3.8,-0.00754
3.81,-0.02261
3.82,-0.02261
3.83,-0.00754
3.84,-0.00754
3.85,-0.02764
3.86,-0.02764
3.87,-0.00754
3.88,-0.00754
3.89,-0.01256
3.9,-0.00754
3.91,-0.00754
3.92,-0.00251
3.93,-0.00754
3.94,-0.01256
3.95,-0.00754
3.96,-0.02261
3.97,-0.01256
3.98,0.00754
3.99,-0.01256
4,0.00754
4.01,0.00754
4.02,-0.01256
4.03,-0.01256
4.04,-0.00754
4.05,0.00754
4.06,-0.00754
4.07,-0.01256
4.08,-0.02261
4.09,-0.00251
4.1,-0.02261
4.11,0.00754
4.12,-0.00754
4.13,-0.00754
4.14,-0.00754
4.15,-0.00754
4.16,-0.02261
4.17,0.00754
4.18,-0.00754
4.19,-0.01256
4.2,0.00754
4.21,-0.00754
4.22,-0.00754
4.23,-0.00754
4.24,0.00754
4.25,-0.01256
4.26,-0.00754
4.27,-0.00754
4.28,-0.02261
4.29,-0.00251
4.3,-0.00754
4.31,-0.01256
4.32,-0.00754
4.33,-0.02261
4.34,-0.01256
4.35,0.00754
4.36,-0.00754
4.37,0.01256
4.38,-0.02261
4.39,-0.00754
4.4,-0.00754
4.41,-0.00754
4.42,-0.00251
4.43,-0.00754
4.44,-0.02261
4.45,-0.02261
4.46,0.00754
4.47,0.00251
4.48,-0.00754
4.49,-0.01256
4.5,-0.00754
4.51,0.00251
4.52,-0.02261
4.53,-0.00754
4.54,-0.00754
4.55,-0.00754
4.56,-0.00754
4.57,-0.02261
4.58,0.00754
4.59,-0.00754
4.6,-0.02261
4.61,-0.00754
4.62,-0.01256
4.63,-0.01256
4.64,-0.00754
4.65,-0.01256
4.66,-0.02261
4.67,0.00754
4.68,-0.00754
4.69,-0.02261
4.7,0.00754
4.71,-0.00754
4.72,-0.00251
4.73,-0.00754
4.74,0.00754
4.75,-0.00754
4.76,0.01256
4.77,-0.02261
4.78,-0.00754
4.79,0.00754
4.8,-0.02764
4.81,-0.00754
4.82,-0.00754
4.83,-0.02261
4.84,-0.00754
4.85,-0.01256
4.86,0.00754
4.87,0.01256
4.88,-0.01256
4.89,-0.01256
4.9,-0.02261
4.91,-0.02261
4.92,-0.02261
4.93,-0.00754
4.94,-0.00754
4.95,-0.00251
4.96,-0.00754
4.97,-0.01256
4.98,-0.00754
4.99,-0.00754
5,-0.02764
5.01,-0.00754
5.02,-0.02261
5.03,-0.00754
5.04,-0.02261
5.05,-0.00754
5.06,-0.00754
5.07,-0.00754
5.08,0.00754
5.09,-0.00754
5.1,-0.02261
5.11,-0.00754
5.12,-0.00754
5.13,0.00251
5.14,-0.00754
5.15,-0.00754
5.16,-0.00251
5.17,-0.00754
5.18,0.00754
5.19,-0.00754
5.2,-0.00754
5.21,-0.00754
5.22,-0.00754
5.23,-0.00754
5.24,-0.02261
5.25,-0.00754
5.26,-0.00754
5.27,-0.00251
5.28,-0.02261
5.29,-0.00754
5.3,-0.01256
5.31,-0.00754
5.32,-0.01256
5.33,-0.00754
5.34,-0.00251
5.35,-0.00754
5.36,0.00754
5.37,0.00754
5.38,-0.02261
5.39,-0.00251
5.4,-0.00754
5.41,-0.00754
5.42,-0.00754
5.43,-0.02261
5.44,-0.01256
5.45,-0.00251
5.46,0.01256
5.47,0.00754
5.48,-0.00754
5.49,-0.00754
5.5,-0.00754
5.51,-0.00754
5.52,-0.01256
5.53,-0.00754
5.54,-0.00754
5.55,-0.00754
5.56,-0.00754
5.57,-0.01256
5.58,-0.00754
5.59,-0.00754
5.6,-0.01256
5.61,-0.00754
5.62,-0.00754
5.63,-0.00754
5.64,-0.00754
5.65,-0.00754
5.66,-0.00754
5.67,-0.00754
5.68,-0.00251
5.69,-0.00754
5.7,0.00754
5.71,-0.00754
5.72,-0.03769
5.73,-0.00754
5.74,-0.01759
5.75,-0.00754
5.76,-0.02261
5.77,-0.02261
5.78,0.00754
5.79,-0.00754
5.8,-0.00754
5.81,-0.00754
5.82,-0.00754
5.83,-0.00754
5.84,-0.02764
5.85,0.00754
5.86,-0.02261
5.87,0.00754
5.88,-0.00754
5.89,-0.00754
5.9,-0.00754
5.91,-0.00251
5.92,-0.00754
5.93,-0.02261
5.94,-0.01256
5.95,-0.00754
5.96,-0.00251
5.97,0.00754
5.98,-0.00754
5.99,-0.00251
6,-0.01759
6.01,-0.02261
6.02,-0.00754
6.03,-0.01256
6.04,-0.01256
6.05,-0.00754
6.06,-0.00754
6.07,-0.00754
6.08,-0.02261
6.09,-0.00754
6.1,-0.00251
6.11,-0.00754
6.12,0.00251
6.13,-0.00754
6.14,0.00754
6.15,-0.01256
6.16,-0.00251
6.17,0.00754
6.18,-0.00754
6.19,-0.00754
6.2,-0.02261
6.21,-0.00754
6.22,-0.00754
6.23,-0.00754
6.24,-0.00754
6.25,-0.00754
6.26,-0.00251
6.27,-0.02261
6.28,-0.00754
6.29,-0.02261
6.3,-0.00754
6.31,-0.00754
6.32,-0.00754
6.33,-0.00754
6.34,-0.02261
6.35,-0.02261
6.36,-0.00754
6.37,-0.00754
6.38,-0.00754
6.39,-0.00754
6.4,-0.00754
6.41,-0.00251
6.42,0.00754
6.43,-0.00754
6.44,-0.00754
6.45,-0.00754
6.46,-0.00754
6.47,-0.01256
6.48,-0.00754
6.49,-0.02261
6.5,-0.00754
6.51,-0.00754
6.52,0.00754
6.53,-0.02261
6.54,-0.02764
6.55,-0.00754
6.56,0.00251
6.57,0.00754
6.58,0.00754
6.59,-0.00754
6.6,0.00754
6.61,-0.00251
6.62,-0.00754
6.63,0.00251
6.64,-0.00754
6.65,-0.02261
6.66,-0.02261
6.67,-0.00754
6.68,-0.01256
6.69,-0.00754
6.7,-0.00754
6.71,-0.02261
6.72,-0.02261
6.73,-0.00754
6.74,-0.00251
6.75,-0.00754
6.76,-0.00251
6.77,-0.02261
6.78,-0.00754
6.79,-0.00754
6.8,-0.00754
6.81,-0.00754
6.82,-0.00754
6.83,-0.00251
6.84,-0.00754
6.85,-0.01256
6.86,-0.00754
6.87,-0.00754
6.88,-0.01256
6.89,-0.00754
6.9,-0.00754
6.91,-0.00754
6.92,-0.00754
6.93,-0.01256
6.94,-0.00754
6.95,-0.00754
6.96,-0.00251
6.97,-0.00754
6.98,-0.00754
6.99,-0.01256
7,-0.00754
7.01,0.00754
7.02,-0.00754
7.03,-0.00754
7.04,0.00754
7.05,-0.00754
7.06,-0.00754
7.07,-0.00754
7.08,-0.00754
7.09,-0.00754
7.1,-0.00754
7.11,-0.00754
7.12,-0.00754
7.13,-0.00251
7.14,-0.00251
7.15,0.00754
7.16,-0.02764
7.17,-0.01256
7.18,-0.00754
7.19,0.00754
7.2,-0.00251
7.21,-0.00251
7.22,-0.00754
7.23,-0.00754
7.24,-0.01256
7.25,-0.00754
7.26,-0.01256
7.27,-0.00754
7.28,-0.00754
7.29,-0.01256
7.3,-0.00251
7.31,-0.00754
7.32,-0.00754
7.33,-0.00754
7.34,-0.02261
7.35,-0.00754
7.36,-0.00754
7.37,-0.00754
7.38,-0.00754
7.39,-0.01256
7.4,-0.02261
7.41,-0.00251
7.42,0.00754
7.43,-0.00754
7.44,-0.00754
7.45,-0.00754
7.46,-0.00754
7.47,0.01256
7.48,0.00754
7.49,0.00754
7.5,-0.00754
7.51,-0.02764
7.52,0.00754
7.53,0.01256
7.54,-0.00251
7.55,-0.02261
7.56,0.00754
7.57,0.00754
7.58,0.00754
7.59,0.00754
7.6,-0.02261
7.61,-0.02261
7.62,0.00754
7.63,0.00754
7.64,-0.00754
7.65,-0.01256
7.66,-0.00754
7.67,-0.00754
7.68,-0.00251
7.69,-0.01759
7.7,0.01256
7.71,-0.00754
7.72,-0.00251
7.73,-0.02764
7.74,-0.00754
7.75,-0.02261
7.76,0.00754
7.77,-0.00754
7.78,-0.00754
7.79,0.00754
7.8,-0.02764
7.81,-0.00754
7.82,0.00754
7.83,-0.00754
7.84,-0.00754
7.85,-0.00754
7.86,-0.00754
7.87,0.00754
7.88,-0.00754
7.89,-0.02261
7.9,-0.02261
7.91,-0.00754
7.92,-0.00754
7.93,-0.00251
7.94,-0.02261
7.95,-0.01256
7.96,0.00754
7.97,0.00754
7.98,0.00754
7.99,-0.00754
8,-0.00251
8.01,-0.00754
8.02,-0.00754
8.03,-0.00251
8.04,-0.02261
8.05,-0.00754
8.06,-0.00754
8.07,-0.00754
8.08,-0.00251
8.09,0.00754
8.1,-0.00251
8.11,-0.02261
8.12,0.00754
8.13,0.00754
8.14,-0.00251
8.15,-0.02261
8.16,-0.00754
8.17,0.01256
8.18,-0.00754
8.19,-0.00754
8.2,-0.00754
8.21,-0.02261
8.22,-0.00754
8.23,0.00251
8.24,-0.00754
8.25,-0.00754
8.26,-0.00754
8.27,-0.00754
8.28,-0.00754
8.29,-0.02261
8.3,0.00754
8.31,-0.01256
8.32,-0.00754
8.33,-0.01256
8.34,-0.00251
8.35,-0.00754
8.36,-0.01256
8.37,0.00754
8.38,-0.02261
8.39,-0.00754
8.4,-0.00251
8.41,0.00754
8.42,0.00754
8.43,-0.02261
8.44,-0.00754
8.45,-0.00754
8.46,-0.00251
8.47,-0.01256
8.48,-0.00754
8.49,0.00754
8.5,-0.00754
8.51,0.00251
8.52,-0.00754
8.53,0.00754
8.54,-0.02764
8.55,-0.00754
8.56,0.00754
8.57,-0.02261
8.58,-0.01759
8.59,-0.00754
8.6,-0.00754
8.61,-0.00251
8.62,-0.00754
8.63,-0.00754
8.64,-0.00754
8.65,-0.00754
8.66,-0.00754
8.67,-0.00754
8.68,-0.00754
8.69,-0.00754
8.7,-0.02261
8.71,-0.00754
8.72,-0.00754
8.73,0.01256
8.74,0.02261
8.75,-0.00754
8.76,-0.00754
8.77,-0.00754
8.78,-0.00754
8.79,-0.00754
8.8,-0.02261
8.81,-0.02261
8.82,-0.00251
8.83,-0.00754
8.84,-0.00754
8.85,0.00754
8.86,-0.02261
8.87,-0.00754
8.88,-0.01256
8.89,-0.01759
8.9,-0.00754
8.91,-0.00754
8.92,-0.00754
8.93,-0.01256
8.94,-0.00754
8.95,-0.00754
8.96,-0.00754
8.97,-0.00251
8.98,-0.00754
8.99,-0.00251
9,-0.00754
9.01,-0.00754
9.02,-0.00754
9.03,-0.00251
9.04,-0.01256
9.05,-0.00251
9.06,-0.00251
9.07,-0.00754
9.08,-0.00754
9.09,-0.00251
9.1,-0.00754
9.11,-0.00251
9.12,-0.00754
9.13,-0.00754
9.14,-0.00754
9.15,-0.00754
9.16,0.00754
9.17,-0.00754
9.18,0.00754
9.19,-0.02261
9.2,-0.00754
9.21,-0.00754
9.22,0.00251
9.23,-0.02764
9.24,-0.00754
9.25,-0.01256
9.26,-0.00754
9.27,-0.00754
9.28,-0.01256
9.29,0.00754
9.3,-0.01256
9.31,-0.00754
9.32,-0.00754
9.33,-0.01256
9.34,-0.01256
9.35,-0.01759
9.36,0.00754
9.37,-0.00251
9.38,0.00754
9.39,-0.01759
9.4,-0.00754
9.41,-0.02764
9.42,-0.00754
9.43,-0.00754
9.44,-0.02261
9.45,-0.00754
9.46,-0.00754
9.47,-0.00754
9.48,-0.00754
9.49,0.00754
9.5,-0.00754
9.51,-0.00754
9.52,-0.02261
9.53,-0.00754
9.54,-0.00754
9.55,-0.00754
9.56,-0.00754
9.57,-0.02261
9.58,-0.00251
9.59,-0.00251
9.6,-0.01256
9.61,-0.00251
9.62,0.00754
9.63,0.00754
9.64,-0.00754
9.65,-0.00754
9.66,-0.02764
9.67,-0.02261
9.68,-0.00754
9.69,-0.00251
9.7,-0.01256
9.71,-0.00754
9.72,-0.00251
9.73,-0.00754
9.74,-0.00754
9.75,-0.00754
9.76,-0.00754
9.77,-0.00754
9.78,-0.01256
9.79,0.00754
9.8,-0.00754
9.81,-0.00754
9.82,-0.00251
9.83,-0.00754
9.84,0.00754
9.85,0.00754
9.86,-0.00251
9.87,0.00754
9.88,0.00251
9.89,-0.00754
9.9,-0.00754
9.91,-0.01256
9.92,-0.00754
9.93,0.00754
9.94,-0.02261
9.95,-0.00754
9.96,-0.00754
9.97,-0.00754
9.98,0.00754
9.99,-0.00754
10,-0.01759
10.01,-0.00754
10.02,-0.00754
10.03,-0.02261
10.04,-0.00754
10.05,-0.02261
10.06,-0.00251
10.07,-0.00754
10.08,-0.00754
10.09,-0.02261
10.1,-0.01256
10.11,-0.00754
10.12,0.00754
10.13,-0.00251
10.14,0.00754
10.15,-0.00754
10.16,0.01256
10.17,-0.02261
10.18,-0.02764
10.19,-0.00251
10.2,-0.00251
10.21,-0.01256
10.22,-0.00754
10.23,-0.00754
10.24,-0.00251
10.25,-0.01759
10.26,-0.00754
10.27,-0.00754
10.28,-0.01256
10.29,-0.00754
10.3,-0.00754
10.31,-0.00754
10.32,-0.00251
10.33,-0.00754
10.34,-0.00251
10.35,-0.00754
10.36,-0.02261
10.37,-0.00754
10.38,0.00754
10.39,-0.01256
10.4,-0.00754
10.41,-0.02261
10.42,-0.00251
10.43,0.00754
10.44,-0.00754
10.45,-0.00754
10.46,-0.00754
10.47,-0.00754
10.48,-0.02261
10.49,-0.01256
10.5,-0.01256
10.51,-0.00754
10.52,-0.00251
10.53,-0.00754
10.54,-0.00754
10.55,0.00251
10.56,-0.00754
10.57,0.00754
10.58,-0.01256
10.59,-0.00754
10.6,-0.00754
10.61,-0.00754
10.62,-0.01759
10.63,-0.00754
10.64,-0.01256
10.65,-0.00754
10.66,-0.00754
10.67,-0.00251
10.68,-0.00754
10.69,0.00754
10.7,0.00754
10.71,-0.00251
10.72,-0.00754
10.73,0.01256
10.74,-0.00754
10.75,-0.01256
10.76,-0.00754
10.77,-0.01759
10.78,-0.01759
10.79,-0.01256
10.8,-0.01256
10.81,-0.00251
10.82,-0.00754
10.83,-0.01256
10.84,-0.00754
10.85,0.00251
10.86,-0.00251
10.87,-0.00754
10.88,-0.00251
10.89,-0.00754
10.9,-0.00754
10.91,-0.00754
10.92,-0.00754
10.93,-0.00754
10.94,-0.00754
10.95,-0.00754
10.96,-0.00754
10.97,-0.00251
10.98,0.00754
10.99,-0.00754
11,-0.02261
11.01,-0.00754
11.02,-0.02261
11.03,-0.01256
11.04,-0.00251
11.05,0.00754
11.06,0.00754
11.07,0.00754
11.08,0.00754
11.09,-0.02261
11.1,-0.00754
11.11,-0.01256
11.12,-0.01256
11.13,-0.01759
11.14,-0.00754
11.15,-0.01256
11.16,-0.00754
11.17,-0.00754
11.18,-0.02261
11.19,-0.02261
11.2,-0.00754
11.21,-0.00754
11.22,-0.01759
11.23,-0.00754
11.24,0.00754
11.25,-0.00754
11.26,-0.00754
11.27,-0.00251
11.28,0.00754
11.29,-0.00754
11.3,-0.00754
11.31,-0.02261
11.32,-0.02261
11.33,-0.00754
11.34,-0.00754
11.35,0.00754
11.36,-0.00754
11.37,-0.00754
11.38,-0.00754
11.39,-0.00754
11.4,-0.02261
11.41,-0.01256
11.42,-0.00251
11.43,-0.00754
11.44,-0.01256
11.45,-0.00754
11.46,-0.00754
11.47,-0.00754
11.48,-0.00754
11.49,-0.00754
11.5,-0.00754
11.51,-0.00754
11.52,-0.00754
11.53,-0.00251
11.54,-0.00754
11.55,-0.00754
11.56,-0.00754
11.57,-0.00754
11.58,-0.00754
11.59,0.00754
11.6,-0.00754
11.61,0.00754
11.62,-0.02261
11.63,-0.00754
11.64,-0.00754
11.65,-0.02261
11.66,-0.00251
11.67,-0.00754
11.68,-0.00754
11.69,-0.00754
11.7,-0.01256
11.71,0.00251
11.72,-0.00754
11.73,-0.01256
11.74,-0.00754
11.75,-0.00754
11.76,-0.00251
11.77,-0.00251
11.78,-0.00251
11.79,-0.01256
11.8,0.00754
11.81,-0.00754
11.82,-0.00754
11.83,-0.00754
11.84,0.01256
11.85,-0.00754
11.86,-0.00754
11.87,-0.01256
11.88,-0.00754
11.89,-0.01256
11.9,-0.00754
11.91,-0.01256
11.92,-0.00754
11.93,-0.00754
11.94,0.00754
11.95,-0.00754
11.96,-0.01759
11.97,-0.00754
11.98,-0.02261
11.99,-0.01759
12,-0.01759
12.01,-0.00251
12.02,-0.00754
12.03,-0.00754
12.04,-0.00754
12.05,-0.00754
12.06,0.00754
12.07,-0.00754
12.08,-0.02261
12.09,-0.00754
12.1,-0.00754
12.11,-0.01256
12.12,-0.00754
12.13,-0.02261
12.14,-0.00251
12.15,-0.02261
12.16,-0.02764
12.17,-0.00754
12.18,-0.00754
12.19,-0.02261
12.2,-0.00251
12.21,-0.00754
12.22,-0.00754
12.23,-0.00754
12.24,-0.00754
12.25,-0.00754
12.26,0.01256
12.27,-0.00754
12.28,-0.00754
12.29,-0.00754
12.3,-0.02261
12.31,-0.00754
12.32,0.00251
12.33,0.00754
12.34,-0.00754
12.35,-0.00251
12.36,-0.00754
12.37,-0.01759
12.38,-0.01759
12.39,-0.00754
12.4,-0.00754
12.41,-0.00754
12.42,-0.00251
12.43,-0.00754
12.44,-0.00754
12.45,-0.01256
12.46,-0.00251
12.47,-0.00754
12.48,-0.00754
12.49,-0.00754
12.5,-0.00754
12.51,-0.00754
12.52,-0.00754
12.53,-0.00754
12.54,-0.01256
12.55,-0.01759
12.56,-0.00251
12.57,-0.00251
12.58,-0.00251
12.59,-0.00754
12.6,-0.00754
12.61,-0.01256
12.62,-0.00754
12.63,-0.00754
12.64,-0.00251
12.65,-0.00754
12.66,-0.02261
12.67,0.00754
12.68,0.00754
12.69,-0.00754
12.7,-0.00754
12.71,-0.00754
12.72,-0.00754
12.73,-0.00754
12.74,-0.02261
12.75,-0.00754
12.76,-0.00754
12.77,-0.00251
12.78,-0.02261
12.79,-0.01256
12.8,-0.00754
12.81,-0.02261
12.82,-0.00754
12.83,-0.00754
12.84,-0.00754
12.85,-0.00754
12.86,-0.00251
12.87,-0.01256
12.88,-0.00754
12.89,-0.00754
12.9,0.00251
12.91,-0.00754
12.92,-0.00754
12.93,-0.00251
12.94,-0.00754
12.95,0.00754
12.96,0.00754
12.97,0.00754
12.98,-0.02261
12.99,-0.01256
13,-0.00754
13.01,-0.00754
13.02,0.00754
13.03,-0.01256
13.04,-0.01256
13.05,-0.00251
13.06,-0.00754
13.07,-0.00754
13.08,-0.00754
13.09,-0.00754
13.1,-0.01256
13.11,-0.00754
13.12,-0.00754
13.13,0.00251
13.14,-0.01759
13.15,-0.01256
13.16,-0.00754
13.17,-0.00754
13.18,0.00754
13.19,-0.00754
13.2,-0.00251
13.21,-0.00754
13.22,-0.00754
13.23,-0.00754
13.24,-0.00754
13.25,-0.02764
13.26,-0.02261
13.27,-0.01256
13.28,-0.02261
13.29,0.01256
13.3,0.00754
13.31,-0.00754
13.32,-0.00754
13.33,0.00754
13.34,-0.00754
13.35,0.00754
13.36,-0.00754
13.37,-0.00754
13.38,-0.00754
13.39,0.00251
13.4,-0.00754
13.41,-0.00754
13.42,-0.00754
13.43,0.00754
13.44,-0.00754
13.45,-0.00754
13.46,-0.00754
13.47,-0.00754
13.48,-0.00754
13.49,-0.00754
13.5,-0.00754
13.51,-0.01256
13.52,-0.01759
13.53,-0.02261
13.54,-0.00754
13.55,-0.00754
13.56,-0.00251
13.57,0.00754
13.58,-0.00251
13.59,-0.00754
13.6,-0.00754
13.61,-0.00754
13.62,-0.00754
13.63,-0.00754
13.64,-0.00754
13.65,-0.00251
13.66,-0.00754
13.67,-0.00754
13.68,0.00754
13.69,0.00754
13.7,-0.00754
13.71,-0.00754
13.72,-0.00754
13.73,-0.00251
13.74,-0.00754
13.75,-0.00251
13.76,-0.01256
13.77,-0.00754
13.78,-0.00754
13.79,-0.02764
13.8,-0.00754
13.81,-0.00754
13.82,-0.02261
13.83,0.00754
13.84,-0.00754
13.85,-0.00754
13.86,0.00754
13.87,-0.02261
13.88,-0.00754
13.89,-0.00251
13.9,-0.02261
13.91,-0.00754
13.92,-0.00754
13.93,-0.00754
13.94,-0.00754
13.95,-0.00754
13.96,-0.00251
13.97,-0.00754
13.98,-0.00754
13.99,0.00754
14,0.00754
14.01,-0.00754
14.02,-0.00754
14.03,-0.00251
14.04,-0.00251
14.05,0.00754
14.06,0.00754
14.07,-0.00251
14.08,-0.00754
14.09,-0.01256
14.1,-0.02261
14.11,-0.00754
14.12,-0.00754
14.13,-0.00754
14.14,-0.00754
14.15,0.00754
14.16,-0.00754
14.17,-0.00754
14.18,-0.01759
14.19,-0.02764
14.2,-0.00251
14.21,-0.00754
14.22,-0.00754
14.23,-0.01256
14.24,-0.00754
14.25,-0.00754
14.26,0.01256
14.27,-0.00754
14.28,-0.00754
14.29,-0.00754
14.3,-0.00754
14.31,-0.00754
14.32,0.00754
14.33,-0.00754
14.34,-0.00754
14.35,0.00754
14.36,-0.00251
14.37,-0.00754
14.38,-0.02261
14.39,-0.00754
14.4,-0.00251
14.41,-0.00251
14.42,-0.00754
14.43,-0.00754
14.44,0.00754
14.45,-0.02261
14.46,-0.00251
14.47,-0.00754
14.48,-0.00754
14.49,-0.00754
14.5,-0.00754
14.51,-0.00754
14.52,0.00754
14.53,-0.03769
14.54,-0.00754
14.55,0.01256
14.56,-0.00754
14.57,-0.00754
14.58,0.00754
14.59,0.00754
14.6,0.01256
14.61,-0.01256
14.62,-0.00754
14.63,0.01256
14.64,-0.02261
14.65,-0.00754
14.66,-0.00754
14.67,-0.00251
14.68,-0.00754
14.69,-0.01256
14.7,-0.00754
14.71,-0.00754
14.72,-0.01759
14.73,0.01256
14.74,-0.01256
14.75,-0.00754
14.76,-0.01256
14.77,0.00754
14.78,0.00251
14.79,-0.00754
14.8,-0.01256
14.81,0.00251
14.82,-0.02261
14.83,-0.00754
14.84,-0.00754
14.85,-0.00754
14.86,-0.00754
14.87,-0.01256
14.88,-0.00754
14.89,-0.01256
14.9,-0.00754
14.91,0.00754
14.92,-0.00754
14.93,-0.00754
14.94,-0.00754
14.95,-0.00754
14.96,-0.00754
14.97,0.00754
14.98,-0.00754
14.99,-0.00754
15,-0.01759
15.01,-0.00754
15.02,-0.00754
15.03,0.00754
15.04,-0.01256
15.05,-0.00754
15.06,1.14824
15.07,3.03769
15.08,3.24874
15.09,3.27387
15.1,3.28392
15.11,3.27387
15.12,3.28894
15.13,3.28894
15.14,3.30402
15.15,3.27889
15.16,3.25879
15.17,3.26884
15.18,3.26884
15.19,3.27387
15.2,3.26884
15.21,3.28392
15.22,3.26884
15.23,3.26884
15.24,3.26884
15.25,3.27387
15.26,3.26884
15.27,3.27387
15.28,3.26884
15.29,3.28392
15.3,3.26884
15.31,3.26884
15.32,3.26884
15.33,3.26884
15.34,3.27387
15.35,3.28894
15.36,3.26382
15.37,3.28392
15.38,3.28392
15.39,3.27387
15.4,3.27387
15.41,3.28392
15.42,3.30402
15.43,3.26884
15.44,3.27387
15.45,3.28392
15.46,3.27387
15.47,3.26884
15.48,3.29899
15.49,3.26884
15.5,3.28392
15.51,3.27889
15.52,3.26884
15.53,3.29397
15.54,3.27387
15.55,3.28894
15.56,3.26884
15.57,3.28894
15.58,3.29397
15.59,3.27387
15.6,3.28392
15.61,3.27387
15.62,3.28894
15.63,3.28894
15.64,3.26884
15.65,3.28894
15.66,3.26884
15.67,3.28894
15.68,3.27387
15.69,3.28392
15.7,3.28894
15.71,3.28894
15.72,3.26884
15.73,3.28392
15.74,3.28392
15.75,3.26884
15.76,3.28392
15.77,3.27387
15.78,3.29899
15.79,3.26884
15.8,3.28392
15.81,3.25377
15.82,3.28894
15.83,3.26884
15.84,3.28392
15.85,3.27889
15.86,3.26884
15.87,3.27387
15.88,3.28392
15.89,3.28894
15.9,3.26884
15.91,3.26884
15.92,3.27387
15.93,3.28894
15.94,3.28392
15.95,3.27387
15.96,3.27889
15.97,3.28894
15.98,3.27387
15.99,3.28392
16,3.28894
16.01,3.28894
16.02,3.28894
16.03,3.28392
16.04,3.28894
16.05,3.28392
16.06,3.28894
16.07,3.27387
16.08,3.25377
16.09,3.28392
16.1,3.26884
16.11,3.26884
16.12,3.28894
16.13,3.27387
16.14,3.27387
16.15,3.28392
16.16,3.28894
16.17,3.28894
16.18,3.27387
16.19,3.28894
16.2,3.29899
16.21,3.28894
16.22,3.28392
16.23,3.28392
16.24,3.28392
16.25,3.28392
16.26,3.28894
16.27,3.28392
16.28,3.26884
16.29,3.28894
16.3,3.28894
16.31,3.27387
16.32,3.28894
16.33,3.27387
16.34,3.28894
16.35,3.26884
16.36,3.26884
16.37,3.28392
16.38,3.28894
16.39,3.28392
16.4,3.28392
16.41,3.28894
16.42,3.27387
16.43,3.27387
16.44,3.30402
16.45,3.28392
16.46,3.28392
16.47,3.28894
16.48,3.28894
16.49,3.26884
16.5,3.27387
16.51,3.27387
16.52,3.27387
16.53,3.27387
16.54,3.28392
16.55,3.28392
16.56,3.28392
16.57,3.26884
16.58,3.28392
16.59,3.27387
16.6,3.28894
16.61,3.26884
16.62,3.30402
16.63,3.26884
16.64,3.28392
16.65,3.28894
16.66,3.27387
16.67,3.28392
16.68,3.27387
16.69,3.27387
16.7,3.28894
16.71,3.27387
16.72,3.27387
16.73,3.28894
16.74,3.26884
16.75,3.27889
16.76,3.28392
16.77,3.28894
16.78,3.28392
16.79,3.30402
16.8,3.28894
16.81,3.28392
16.82,3.28392
16.83,3.28392
16.84,3.26884
16.85,3.27387
16.86,3.28392
16.87,3.30402
16.88,3.26884
16.89,3.26884
16.9,3.28392
16.91,3.27387
16.92,3.27387
16.93,3.28894
16.94,3.27387
16.95,3.28392
16.96,3.28894
16.97,3.26884
16.98,3.28894
16.99,3.27387
17,3.27387
17.01,3.28894
17.02,3.28392
17.03,3.28392
17.04,3.28392
17.05,3.27387
17.06,3.26884
17.07,3.27387
17.08,3.28392
17.09,3.28894
17.1,3.27387
17.11,3.28392
17.12,3.27889
17.13,3.26884
17.14,3.27387
17.15,3.28894
17.16,3.28894
17.17,3.27387
17.18,3.27387
17.19,3.28894
17.2,3.27387
17.21,3.27387
17.22,3.28894
17.23,3.28894
17.24,3.28392
17.25,3.26884
17.26,3.26884
17.27,3.27387
17.28,3.28392
17.29,3.27889
17.3,3.28392
17.31,3.28392
17.32,3.28392
17.33,3.30402
17.34,3.28392
17.35,3.27387
17.36,3.28392
17.37,3.26884
17.38,3.26884
17.39,3.28894
17.4,3.28894
17.41,3.26884
17.42,3.28392
17.43,3.28894
17.44,3.28894
17.45,3.28894
17.46,3.28894
17.47,3.27387
17.48,3.27387
17.49,3.26884
17.5,3.29899
17.51,3.28392
17.52,3.28392
17.53,3.28894
17.54,3.27387
17.55,3.28392
17.56,3.26884
17.57,3.25879
17.58,3.27387
17.59,3.28894
17.6,3.27387
17.61,3.28894
17.62,3.27387
17.63,3.26884
17.64,3.27387
17.65,3.26884
17.66,3.28894
17.67,3.28392
17.68,3.28894
17.69,3.28392
17.7,3.28894
17.71,3.28894
17.72,3.28894
17.73,3.26884
17.74,3.26884
17.75,3.27387
17.76,3.29397
17.77,3.27387
17.78,3.28894
17.79,3.26884
17.8,3.26884
17.81,3.26884
17.82,3.26884
17.83,3.28392
17.84,3.27387
17.85,3.28894
17.86,3.27889
17.87,3.28392
17.88,3.28894
17.89,3.28894
17.9,3.27387
17.91,3.27387
17.92,3.28894
17.93,3.28894
17.94,3.28894
17.95,3.28392
17.96,3.28392
17.97,3.27387
17.98,3.27387
17.99,3.26884
18,3.27387
18.01,3.27387
18.02,3.28392
18.03,3.28894
18.04,3.27387
18.05,3.26884
18.06,3.26884
18.07,3.26884
18.08,3.26884
18.09,3.27387
18.1,3.26884
18.11,3.28392
18.12,3.27387
18.13,3.26884
18.14,3.26884
18.15,3.27387
18.16,3.28894
18.17,3.27387
18.18,3.28392
18.19,3.27387
18.2,3.28894
18.21,3.28392
18.22,3.27387
18.23,3.28392
18.24,3.28894
18.25,3.26884
18.26,3.28392
18.27,3.28894
18.28,3.28894
18.29,3.26884
18.3,3.28392
18.31,3.28392
18.32,3.27889
18.33,3.26884
18.34,3.27387
18.35,3.27387
18.36,3.27387
18.37,3.28894
18.38,3.28894
18.39,3.28392
18.4,3.27387
18.41,3.27387
18.42,3.28392
18.43,3.27387
18.44,3.28392
18.45,3.26884
18.46,3.28894
18.47,3.28392
18.48,3.27387
18.49,3.29397
18.5,3.28392
18.51,3.27387
18.52,3.30402
18.53,3.26884
18.54,3.29397
18.55,3.26382
18.56,3.28894
18.57,3.28894
18.58,3.28392
18.59,3.27387
18.6,3.28392
18.61,3.27387
18.62,3.26884
18.63,3.28894
18.64,3.27387
18.65,3.28894
18.66,3.28894
18.67,3.27387
18.68,3.28392
18.69,3.28392
18.7,3.28894
18.71,3.28894
18.72,3.26884
18.73,3.27387
18.74,3.27387
18.75,3.27387
18.76,3.27387
18.77,3.28392
18.78,3.28894
18.79,3.27387
18.8,3.28894
18.81,3.28894
18.82,3.27387
18.83,3.26884
18.84,3.27387
18.85,3.28392
18.86,3.27387
18.87,3.27889
18.88,3.26884
18.89,3.28392
18.9,3.26884
18.91,3.25879
18.92,3.28894
18.93,3.27387
18.94,3.27387
18.95,3.28392
18.96,3.28392
18.97,3.29397
18.98,3.27387
18.99,3.28894
19,3.28894
19.01,3.27387
19.02,3.29397
19.03,3.25879
19.04,3.28392
19.05,3.27387
19.06,3.27387
19.07,3.26884
19.08,3.28894
19.09,3.28894
19.1,3.26884
19.11,3.26884
19.12,3.29899
19.13,3.26884
19.14,3.28392
19.15,3.28392
19.16,3.27387
19.17,3.28894
19.18,3.27387
19.19,3.27387
19.2,3.27387
19.21,3.28392
19.22,3.27387
19.23,3.27387
19.24,3.27387
19.25,3.28392
19.26,3.28894
19.27,3.28392
19.28,3.27387
19.29,3.27387
19.3,3.28894
19.31,3.28894
19.32,3.27387
19.33,3.28894
19.34,3.27387
19.35,3.26884
19.36,3.28392
19.37,3.28894
19.38,3.28392
19.39,3.28894
19.4,3.28392
19.41,3.28894
19.42,3.26884
19.43,3.28392
19.44,3.28894
19.45,3.28894
19.46,3.28392
19.47,3.28894
19.48,3.28894
19.49,3.28392
19.5,3.28392
19.51,3.28894
19.52,3.26884
19.53,3.28894
19.54,3.27387
19.55,3.26884
19.56,3.26884
19.57,3.28392
19.58,3.28894
19.59,3.28392
19.6,3.28894
19.61,3.28894
19.62,3.27387
19.63,3.28894
19.64,3.27387
19.65,3.28894
19.66,3.25377
19.67,3.28894
19.68,3.27387
19.69,3.28894
19.7,3.28894
19.71,3.28392
19.72,3.27387
19.73,3.28392
19.74,3.28894
19.75,3.26884
19.76,3.28392
19.77,3.28392
19.78,3.28894
19.79,3.26884
19.8,3.28392
19.81,3.26884
19.82,3.28894
19.83,3.26884
19.84,3.27387
19.85,3.28894
19.86,3.28392
19.87,3.28392
19.88,3.28392
19.89,3.28894
19.9,3.27387
19.91,3.27889
19.92,3.27387
19.93,3.28894
19.94,3.27387
19.95,3.26884
19.96,3.27387
19.97,3.28392
19.98,3.27387
19.99,3.27889
20,3.26884
20.01,3.28392
20.02,3.27889
20.03,3.28894
20.04,3.26884
20.05,3.27889
20.06,3.28894
20.07,3.26884
20.08,3.28894
20.09,3.28894
20.1,3.26884
20.11,3.27387
20.12,3.27387
20.13,3.28894
20.14,3.29397
20.15,3.28894
20.16,3.29397
20.17,3.28894
20.18,3.27387
20.19,3.27387
20.2,3.29899
20.21,3.30402
20.22,3.28894
20.23,3.28894
20.24,3.26884
20.25,3.26884
20.26,3.28392
20.27,3.28894
20.28,3.28392
20.29,3.28894
20.3,3.27387
20.31,3.27387
20.32,3.28894
20.33,3.28392
20.34,3.26884
20.35,3.28894
20.36,3.28392
20.37,3.26884
20.38,3.28894
20.39,3.28392
20.4,3.25879
20.41,3.28392
20.42,3.26884
20.43,3.27387
20.44,3.27387
20.45,3.28894
20.46,3.27387
20.47,3.27387
20.48,3.28894
20.49,3.28894
20.5,3.26884
20.51,3.28894
20.52,3.28392
20.53,3.28894
20.54,3.28392
20.55,3.28894
20.56,3.28392
20.57,3.26884
20.58,3.28392
20.59,3.26884
20.6,3.28894
20.61,3.27387
20.62,3.28392
20.63,3.29397
20.64,3.28392
20.65,3.28894
20.66,3.28392
20.67,3.28894
20.68,3.27387
20.69,3.28894
20.7,3.27387
20.71,3.27387
20.72,3.27387
20.73,3.28392
20.74,3.26884
20.75,3.28392
20.76,3.27889
20.77,3.28392
20.78,3.27387
20.79,3.28894
20.8,3.28894
20.81,3.27387
20.82,3.28392
20.83,3.29397
20.84,3.27387
20.85,3.26884
20.86,3.30402
20.87,3.28392
20.88,3.27387
20.89,3.27387
20.9,3.27387
20.91,3.28894
20.92,3.27387
20.93,3.28894
